provider,model,prompt_variation,temperature,raw_text,extracted_answer,is_yes,timestamp
openai,gpt-3.5-turbo-0125,normal,0.0,Yes,Yes,1,1756531127.885934
openai,gpt-3.5-turbo-0125,normal,0.0,Yes,Yes,1,1756531129.292824
openai,gpt-3.5-turbo-0125,normal,0.0,Yes,Yes,1,1756531130.799126
openai,gpt-3.5-turbo-0125,normal,0.0,Yes,Yes,1,1756531131.4347022
openai,gpt-3.5-turbo-0125,normal,0.0,Yes,Yes,1,1756531132.552992
openai,gpt-3.5-turbo-0125,normal,0.0,Yes,Yes,1,1756531132.976701
openai,gpt-3.5-turbo-0125,normal,0.0,Yes,Yes,1,1756531133.626063
openai,gpt-3.5-turbo-0125,normal,0.0,Yes,Yes,1,1756531135.390448
openai,gpt-3.5-turbo-0125,normal,0.0,Yes,Yes,1,1756531135.9650471
openai,gpt-3.5-turbo-0125,normal,0.0,Yes,Yes,1,1756531136.9108841
openai,gpt-3.5-turbo-0125,normal,0.0,Yes,Yes,1,1756531138.591868
openai,gpt-3.5-turbo-0125,normal,0.0,Yes,Yes,1,1756531139.0160792
openai,gpt-3.5-turbo-0125,normal,0.0,Yes,Yes,1,1756531140.005964
openai,gpt-3.5-turbo-0125,normal,0.0,Yes,Yes,1,1756531140.9849641
openai,gpt-3.5-turbo-0125,normal,0.0,Yes,Yes,1,1756531141.70349
openai,gpt-3.5-turbo-0125,normal,0.5,Yes,Yes,1,1756531142.214665
openai,gpt-3.5-turbo-0125,normal,0.5,Yes,Yes,1,1756531142.908691
openai,gpt-3.5-turbo-0125,normal,0.5,Yes,Yes,1,1756531143.4824362
openai,gpt-3.5-turbo-0125,normal,0.5,Yes,Yes,1,1756531144.591035
openai,gpt-3.5-turbo-0125,normal,0.5,Yes,Yes,1,1756531145.040938
openai,gpt-3.5-turbo-0125,normal,0.5,Yes,Yes,1,1756531145.570508
openai,gpt-3.5-turbo-0125,normal,0.5,Yes,Yes,1,1756531146.235629
openai,gpt-3.5-turbo-0125,normal,0.5,Yes,Yes,1,1756531147.0030642
openai,gpt-3.5-turbo-0125,normal,0.5,Yes,Yes,1,1756531147.695161
openai,gpt-3.5-turbo-0125,normal,0.5,Yes,Yes,1,1756531148.1685052
openai,gpt-3.5-turbo-0125,normal,0.5,Yes,Yes,1,1756531148.6457212
openai,gpt-3.5-turbo-0125,normal,0.5,Yes,Yes,1,1756531149.177717
openai,gpt-3.5-turbo-0125,normal,0.5,Yes,Yes,1,1756531149.736046
openai,gpt-3.5-turbo-0125,normal,0.5,Yes,Yes,1,1756531150.761461
openai,gpt-3.5-turbo-0125,normal,0.5,Yes,Yes,1,1756531151.185652
openai,gpt-3.5-turbo-0125,normal,1.0,Yes,Yes,1,1756531151.728163
openai,gpt-3.5-turbo-0125,normal,1.0,Yes,Yes,1,1756531152.259739
openai,gpt-3.5-turbo-0125,normal,1.0,Yes,Yes,1,1756531154.262486
openai,gpt-3.5-turbo-0125,normal,1.0,Yes,Yes,1,1756531154.693053
openai,gpt-3.5-turbo-0125,normal,1.0,Yes.,Yes,1,1756531155.4763
openai,gpt-3.5-turbo-0125,normal,1.0,Yes,Yes,1,1756531156.203933
openai,gpt-3.5-turbo-0125,normal,1.0,No,No,0,1756531156.826349
openai,gpt-3.5-turbo-0125,normal,1.0,Yes.,Yes,1,1756531157.640287
openai,gpt-3.5-turbo-0125,normal,1.0,Yes.,Yes,1,1756531158.170379
openai,gpt-3.5-turbo-0125,normal,1.0,Yes.,Yes,1,1756531159.168284
openai,gpt-3.5-turbo-0125,normal,1.0,Yes,Yes,1,1756531159.666358
openai,gpt-3.5-turbo-0125,normal,1.0,Yes,Yes,1,1756531160.1708531
openai,gpt-3.5-turbo-0125,normal,1.0,Yes,Yes,1,1756531160.595275
openai,gpt-3.5-turbo-0125,normal,1.0,Yes,Yes,1,1756531161.1700292
openai,gpt-3.5-turbo-0125,normal,1.0,Yes.,Yes,1,1756531161.676629
openai,gpt-3.5-turbo-1106,normal,0.0,Yes,Yes,1,1756531162.653499
openai,gpt-3.5-turbo-1106,normal,0.0,Yes,Yes,1,1756531163.323903
openai,gpt-3.5-turbo-1106,normal,0.0,Yes,Yes,1,1756531163.9093509
openai,gpt-3.5-turbo-1106,normal,0.0,Yes,Yes,1,1756531164.542364
openai,gpt-3.5-turbo-1106,normal,0.0,Yes,Yes,1,1756531166.185528
openai,gpt-3.5-turbo-1106,normal,0.0,Yes,Yes,1,1756531167.127671
openai,gpt-3.5-turbo-1106,normal,0.0,Yes,Yes,1,1756531167.7460768
openai,gpt-3.5-turbo-1106,normal,0.0,Yes,Yes,1,1756531168.1361291
openai,gpt-3.5-turbo-1106,normal,0.0,Yes,Yes,1,1756531168.636916
openai,gpt-3.5-turbo-1106,normal,0.0,Yes,Yes,1,1756531169.34505
openai,gpt-3.5-turbo-1106,normal,0.0,Yes,Yes,1,1756531170.7952409
openai,gpt-3.5-turbo-1106,normal,0.0,Yes,Yes,1,1756531171.376429
openai,gpt-3.5-turbo-1106,normal,0.0,Yes,Yes,1,1756531172.359884
openai,gpt-3.5-turbo-1106,normal,0.0,Yes,Yes,1,1756531172.7687502
openai,gpt-3.5-turbo-1106,normal,0.0,Yes,Yes,1,1756531173.612881
openai,gpt-3.5-turbo-1106,normal,0.5,Yes,Yes,1,1756531174.4770849
openai,gpt-3.5-turbo-1106,normal,0.5,Yes,Yes,1,1756531174.849365
openai,gpt-3.5-turbo-1106,normal,0.5,Yes,Yes,1,1756531176.3311412
openai,gpt-3.5-turbo-1106,normal,0.5,Yes,Yes,1,1756531176.961887
openai,gpt-3.5-turbo-1106,normal,0.5,Yes,Yes,1,1756531177.461691
openai,gpt-3.5-turbo-1106,normal,0.5,Yes,Yes,1,1756531178.4430661
openai,gpt-3.5-turbo-1106,normal,0.5,Yes,Yes,1,1756531178.8547509
openai,gpt-3.5-turbo-1106,normal,0.5,Yes,Yes,1,1756531180.377792
openai,gpt-3.5-turbo-1106,normal,0.5,Yes,Yes,1,1756531181.917557
openai,gpt-3.5-turbo-1106,normal,0.5,Yes,Yes,1,1756531183.235405
openai,gpt-3.5-turbo-1106,normal,0.5,Yes,Yes,1,1756531184.745565
openai,gpt-3.5-turbo-1106,normal,0.5,Yes,Yes,1,1756531185.467745
openai,gpt-3.5-turbo-1106,normal,0.5,Yes,Yes,1,1756531185.956513
openai,gpt-3.5-turbo-1106,normal,0.5,Yes,Yes,1,1756531186.947747
openai,gpt-3.5-turbo-1106,normal,0.5,Yes,Yes,1,1756531187.4087338
openai,gpt-3.5-turbo-1106,normal,1.0,Yes,Yes,1,1756531188.9631958
openai,gpt-3.5-turbo-1106,normal,1.0,Yes,Yes,1,1756531189.619686
openai,gpt-3.5-turbo-1106,normal,1.0,Yes,Yes,1,1756531190.310588
openai,gpt-3.5-turbo-1106,normal,1.0,Yes,Yes,1,1756531191.1986449
openai,gpt-3.5-turbo-1106,normal,1.0,Yes,Yes,1,1756531191.978459
openai,gpt-3.5-turbo-1106,normal,1.0,Yes,Yes,1,1756531193.0512562
openai,gpt-3.5-turbo-1106,normal,1.0,Yes,Yes,1,1756531194.0301208
openai,gpt-3.5-turbo-1106,normal,1.0,Yes,Yes,1,1756531194.516348
openai,gpt-3.5-turbo-1106,normal,1.0,Yes,Yes,1,1756531194.990939
openai,gpt-3.5-turbo-1106,normal,1.0,Yes,Yes,1,1756531195.432991
openai,gpt-3.5-turbo-1106,normal,1.0,Yes,Yes,1,1756531196.522971
openai,gpt-3.5-turbo-1106,normal,1.0,Yes,Yes,1,1756531197.509983
openai,gpt-3.5-turbo-1106,normal,1.0,Yes,Yes,1,1756531199.044118
openai,gpt-3.5-turbo-1106,normal,1.0,Yes,Yes,1,1756531200.045654
openai,gpt-3.5-turbo-1106,normal,1.0,Yes,Yes,1,1756531200.664424
openai,gpt-4-turbo-2024-04-09,normal,0.0,Yes,Yes,1,1756531214.750258
openai,gpt-4-turbo-2024-04-09,normal,0.0,Yes,Yes,1,1756531215.974636
openai,gpt-4-turbo-2024-04-09,normal,0.0,Yes,Yes,1,1756531216.657301
openai,gpt-4-turbo-2024-04-09,normal,0.0,Yes,Yes,1,1756531217.905015
openai,gpt-4-turbo-2024-04-09,normal,0.0,Yes,Yes,1,1756531218.4790971
openai,gpt-4-turbo-2024-04-09,normal,0.0,Yes,Yes,1,1756531219.164329
openai,gpt-4-turbo-2024-04-09,normal,0.0,Yes,Yes,1,1756531219.986846
openai,gpt-4-turbo-2024-04-09,normal,0.0,Yes,Yes,1,1756531220.939848
openai,gpt-4-turbo-2024-04-09,normal,0.0,Yes,Yes,1,1756531221.6629188
openai,gpt-4-turbo-2024-04-09,normal,0.0,Yes,Yes,1,1756531222.219938
openai,gpt-4-turbo-2024-04-09,normal,0.0,Yes,Yes,1,1756531223.35085
openai,gpt-4-turbo-2024-04-09,normal,0.0,Yes,Yes,1,1756531224.155484
openai,gpt-4-turbo-2024-04-09,normal,0.0,Yes,Yes,1,1756531225.3435369
openai,gpt-4-turbo-2024-04-09,normal,0.0,Yes,Yes,1,1756531225.9358761
openai,gpt-4-turbo-2024-04-09,normal,0.0,Yes,Yes,1,1756531226.52405
openai,gpt-4-turbo-2024-04-09,normal,0.5,Yes,Yes,1,1756531227.189897
openai,gpt-4-turbo-2024-04-09,normal,0.5,Yes,Yes,1,1756531227.808994
openai,gpt-4-turbo-2024-04-09,normal,0.5,Yes,Yes,1,1756531228.574635
openai,gpt-4-turbo-2024-04-09,normal,0.5,Yes,Yes,1,1756531229.7414
openai,gpt-4-turbo-2024-04-09,normal,0.5,Yes,Yes,1,1756531230.9433322
openai,gpt-4-turbo-2024-04-09,normal,0.5,Yes,Yes,1,1756531232.123208
openai,gpt-4-turbo-2024-04-09,normal,0.5,Yes,Yes,1,1756531232.66978
openai,gpt-4-turbo-2024-04-09,normal,0.5,Yes,Yes,1,1756531233.964514
openai,gpt-4-turbo-2024-04-09,normal,0.5,Yes,Yes,1,1756531234.540312
openai,gpt-4-turbo-2024-04-09,normal,0.5,Yes,Yes,1,1756531235.101357
openai,gpt-4-turbo-2024-04-09,normal,0.5,Yes,Yes,1,1756531235.673652
openai,gpt-4-turbo-2024-04-09,normal,0.5,Yes,Yes,1,1756531236.308288
openai,gpt-4-turbo-2024-04-09,normal,0.5,Yes,Yes,1,1756531236.984694
openai,gpt-4-turbo-2024-04-09,normal,0.5,Yes,Yes,1,1756531237.750011
openai,gpt-4-turbo-2024-04-09,normal,0.5,Yes,Yes,1,1756531238.269195
openai,gpt-4-turbo-2024-04-09,normal,1.0,Yes,Yes,1,1756531239.4646132
openai,gpt-4-turbo-2024-04-09,normal,1.0,Yes.,Yes,1,1756531240.235747
openai,gpt-4-turbo-2024-04-09,normal,1.0,Yes,Yes,1,1756531241.43505
openai,gpt-4-turbo-2024-04-09,normal,1.0,Yes,Yes,1,1756531241.997387
openai,gpt-4-turbo-2024-04-09,normal,1.0,Yes.,Yes,1,1756531242.7155929
openai,gpt-4-turbo-2024-04-09,normal,1.0,Yes,Yes,1,1756531243.898287
openai,gpt-4-turbo-2024-04-09,normal,1.0,Yes,Yes,1,1756531245.076969
openai,gpt-4-turbo-2024-04-09,normal,1.0,Yes.,Yes,1,1756531245.629229
openai,gpt-4-turbo-2024-04-09,normal,1.0,Yes,Yes,1,1756531246.185149
openai,gpt-4-turbo-2024-04-09,normal,1.0,Yes,Yes,1,1756531247.3136158
openai,gpt-4-turbo-2024-04-09,normal,1.0,Yes,Yes,1,1756531247.995441
openai,gpt-4-turbo-2024-04-09,normal,1.0,Yes,Yes,1,1756531248.625726
openai,gpt-4-turbo-2024-04-09,normal,1.0,Yes,Yes,1,1756531249.772727
openai,gpt-4-turbo-2024-04-09,normal,1.0,Yes,Yes,1,1756531251.13857
openai,gpt-4-turbo-2024-04-09,normal,1.0,Yes,Yes,1,1756531251.8666408
openai,gpt-4-0125-preview,normal,0.0,Yes,Yes,1,1756531252.712745
openai,gpt-4-0125-preview,normal,0.0,Yes,Yes,1,1756531253.479499
openai,gpt-4-0125-preview,normal,0.0,Yes,Yes,1,1756531254.295962
openai,gpt-4-0125-preview,normal,0.0,Yes,Yes,1,1756531255.164344
openai,gpt-4-0125-preview,normal,0.0,Yes,Yes,1,1756531255.919899
openai,gpt-4-0125-preview,normal,0.0,Yes,Yes,1,1756531257.015532
openai,gpt-4-0125-preview,normal,0.0,Yes,Yes,1,1756531257.745752
openai,gpt-4-0125-preview,normal,0.0,Yes,Yes,1,1756531258.799377
openai,gpt-4-0125-preview,normal,0.0,Yes,Yes,1,1756531259.6701381
openai,gpt-4-0125-preview,normal,0.0,Yes,Yes,1,1756531260.2785568
openai,gpt-4-0125-preview,normal,0.0,Yes,Yes,1,1756531261.0628748
openai,gpt-4-0125-preview,normal,0.0,Yes,Yes,1,1756531261.592187
openai,gpt-4-0125-preview,normal,0.0,Yes,Yes,1,1756531262.4329019
openai,gpt-4-0125-preview,normal,0.0,Yes,Yes,1,1756531263.141835
openai,gpt-4-0125-preview,normal,0.0,Yes,Yes,1,1756531263.765768
openai,gpt-4-0125-preview,normal,0.5,Yes,Yes,1,1756531264.417353
openai,gpt-4-0125-preview,normal,0.5,Yes,Yes,1,1756531265.1095638
openai,gpt-4-0125-preview,normal,0.5,Yes,Yes,1,1756531266.12231
openai,gpt-4-0125-preview,normal,0.5,Yes,Yes,1,1756531267.04187
openai,gpt-4-0125-preview,normal,0.5,Yes,Yes,1,1756531267.5692968
openai,gpt-4-0125-preview,normal,0.5,Yes,Yes,1,1756531268.250313
openai,gpt-4-0125-preview,normal,0.5,Yes,Yes,1,1756531269.122171
openai,gpt-4-0125-preview,normal,0.5,Yes,Yes,1,1756531270.374642
openai,gpt-4-0125-preview,normal,0.5,Yes,Yes,1,1756531271.298926
openai,gpt-4-0125-preview,normal,0.5,Yes,Yes,1,1756531272.071332
openai,gpt-4-0125-preview,normal,0.5,Yes,Yes,1,1756531272.728769
openai,gpt-4-0125-preview,normal,0.5,Yes,Yes,1,1756531273.8243341
openai,gpt-4-0125-preview,normal,0.5,Yes,Yes,1,1756531274.5182898
openai,gpt-4-0125-preview,normal,0.5,Yes,Yes,1,1756531275.258566
openai,gpt-4-0125-preview,normal,0.5,Yes,Yes,1,1756531275.828267
openai,gpt-4-0125-preview,normal,1.0,Yes,Yes,1,1756531276.6262069
openai,gpt-4-0125-preview,normal,1.0,Yes,Yes,1,1756531277.44205
openai,gpt-4-0125-preview,normal,1.0,Yes,Yes,1,1756531278.5634072
openai,gpt-4-0125-preview,normal,1.0,Yes,Yes,1,1756531279.376985
openai,gpt-4-0125-preview,normal,1.0,Yes.,Yes,1,1756531280.1921191
openai,gpt-4-0125-preview,normal,1.0,Yes,Yes,1,1756531280.672433
openai,gpt-4-0125-preview,normal,1.0,Yes.,Yes,1,1756531281.3575199
openai,gpt-4-0125-preview,normal,1.0,Yes,Yes,1,1756531282.4196758
openai,gpt-4-0125-preview,normal,1.0,Yes.,Yes,1,1756531283.49634
openai,gpt-4-0125-preview,normal,1.0,Yes,Yes,1,1756531284.2392268
openai,gpt-4-0125-preview,normal,1.0,Yes,Yes,1,1756531285.0375118
openai,gpt-4-0125-preview,normal,1.0,Yes,Yes,1,1756531285.843959
openai,gpt-4-0125-preview,normal,1.0,Yes,Yes,1,1756531286.396895
openai,gpt-4-0125-preview,normal,1.0,Yes.,Yes,1,1756531287.63856
openai,gpt-4-0125-preview,normal,1.0,Yes,Yes,1,1756531288.743028
openai,gpt-4-0613,normal,0.0,Yes,Yes,1,1756531289.524061
openai,gpt-4-0613,normal,0.0,Yes,Yes,1,1756531290.309203
openai,gpt-4-0613,normal,0.0,Yes,Yes,1,1756531290.875464
openai,gpt-4-0613,normal,0.0,Yes,Yes,1,1756531291.532615
openai,gpt-4-0613,normal,0.0,Yes,Yes,1,1756531292.5265112
openai,gpt-4-0613,normal,0.0,Yes,Yes,1,1756531293.5603929
openai,gpt-4-0613,normal,0.0,Yes,Yes,1,1756531294.306816
openai,gpt-4-0613,normal,0.0,Yes,Yes,1,1756531295.5096672
openai,gpt-4-0613,normal,0.0,Yes,Yes,1,1756531296.1431072
openai,gpt-4-0613,normal,0.0,Yes,Yes,1,1756531296.8172438
openai,gpt-4-0613,normal,0.0,Yes,Yes,1,1756531297.558433
openai,gpt-4-0613,normal,0.0,Yes,Yes,1,1756531298.330712
openai,gpt-4-0613,normal,0.0,Yes,Yes,1,1756531298.895166
openai,gpt-4-0613,normal,0.0,Yes,Yes,1,1756531299.5489779
openai,gpt-4-0613,normal,0.0,Yes,Yes,1,1756531300.575614
openai,gpt-4-0613,normal,0.5,Yes,Yes,1,1756531301.712235
openai,gpt-4-0613,normal,0.5,Yes,Yes,1,1756531302.37262
openai,gpt-4-0613,normal,0.5,Yes,Yes,1,1756531303.016454
openai,gpt-4-0613,normal,0.5,Yes,Yes,1,1756531303.7357628
openai,gpt-4-0613,normal,0.5,Yes,Yes,1,1756531304.9313369
openai,gpt-4-0613,normal,0.5,Yes,Yes,1,1756531305.498014
openai,gpt-4-0613,normal,0.5,Yes,Yes,1,1756531306.193434
openai,gpt-4-0613,normal,0.5,Yes,Yes,1,1756531306.8746948
openai,gpt-4-0613,normal,0.5,Yes,Yes,1,1756531307.520205
openai,gpt-4-0613,normal,0.5,Yes,Yes,1,1756531308.280172
openai,gpt-4-0613,normal,0.5,Yes,Yes,1,1756531309.077448
openai,gpt-4-0613,normal,0.5,Yes,Yes,1,1756531309.777921
openai,gpt-4-0613,normal,0.5,Yes,Yes,1,1756531310.31236
openai,gpt-4-0613,normal,0.5,Yes,Yes,1,1756531310.903166
openai,gpt-4-0613,normal,0.5,Yes,Yes,1,1756531311.510997
openai,gpt-4-0613,normal,1.0,Yes,Yes,1,1756531312.50969
openai,gpt-4-0613,normal,1.0,Yes,Yes,1,1756531313.765242
openai,gpt-4-0613,normal,1.0,Yes,Yes,1,1756531314.474253
openai,gpt-4-0613,normal,1.0,Yes,Yes,1,1756531315.219985
openai,gpt-4-0613,normal,1.0,Yes,Yes,1,1756531315.861595
openai,gpt-4-0613,normal,1.0,Yes,Yes,1,1756531316.586741
openai,gpt-4-0613,normal,1.0,Yes,Yes,1,1756531317.1553679
openai,gpt-4-0613,normal,1.0,Yes,Yes,1,1756531317.671813
openai,gpt-4-0613,normal,1.0,Yes,Yes,1,1756531318.201073
openai,gpt-4-0613,normal,1.0,Yes,Yes,1,1756531318.891815
openai,gpt-4-0613,normal,1.0,Yes,Yes,1,1756531320.167588
openai,gpt-4-0613,normal,1.0,Yes,Yes,1,1756531321.068355
openai,gpt-4-0613,normal,1.0,Yes,Yes,1,1756531321.6485848
openai,gpt-4-0613,normal,1.0,Yes,Yes,1,1756531322.3133178
openai,gpt-4-0613,normal,1.0,Yes,Yes,1,1756531322.842079
openai,gpt-4o-2024-11-20,normal,0.0,Yes,Yes,1,1756531323.2963111
openai,gpt-4o-2024-11-20,normal,0.0,Yes,Yes,1,1756531323.7596889
openai,gpt-4o-2024-11-20,normal,0.0,Yes,Yes,1,1756531324.2942872
openai,gpt-4o-2024-11-20,normal,0.0,Yes,Yes,1,1756531324.79999
openai,gpt-4o-2024-11-20,normal,0.0,Yes,Yes,1,1756531325.274368
openai,gpt-4o-2024-11-20,normal,0.0,Yes,Yes,1,1756531325.824515
openai,gpt-4o-2024-11-20,normal,0.0,Yes,Yes,1,1756531326.314132
openai,gpt-4o-2024-11-20,normal,0.0,Yes,Yes,1,1756531326.892243
openai,gpt-4o-2024-11-20,normal,0.0,Yes,Yes,1,1756531327.258095
openai,gpt-4o-2024-11-20,normal,0.0,Yes,Yes,1,1756531327.869657
openai,gpt-4o-2024-11-20,normal,0.0,Yes,Yes,1,1756531328.355493
openai,gpt-4o-2024-11-20,normal,0.0,Yes,Yes,1,1756531328.750598
openai,gpt-4o-2024-11-20,normal,0.0,Yes,Yes,1,1756531329.176925
openai,gpt-4o-2024-11-20,normal,0.0,Yes,Yes,1,1756531329.75885
openai,gpt-4o-2024-11-20,normal,0.0,Yes,Yes,1,1756531330.296458
openai,gpt-4o-2024-11-20,normal,0.5,Yes,Yes,1,1756531330.805183
openai,gpt-4o-2024-11-20,normal,0.5,Yes,Yes,1,1756531331.335236
openai,gpt-4o-2024-11-20,normal,0.5,Yes,Yes,1,1756531332.077033
openai,gpt-4o-2024-11-20,normal,0.5,Yes,Yes,1,1756531332.6965601
openai,gpt-4o-2024-11-20,normal,0.5,Yes,Yes,1,1756531333.2994938
openai,gpt-4o-2024-11-20,normal,0.5,Yes,Yes,1,1756531333.806696
openai,gpt-4o-2024-11-20,normal,0.5,Yes,Yes,1,1756531334.430206
openai,gpt-4o-2024-11-20,normal,0.5,Yes,Yes,1,1756531335.067109
openai,gpt-4o-2024-11-20,normal,0.5,Yes,Yes,1,1756531335.565483
openai,gpt-4o-2024-11-20,normal,0.5,Yes,Yes,1,1756531335.912731
openai,gpt-4o-2024-11-20,normal,0.5,Yes,Yes,1,1756531336.578418
openai,gpt-4o-2024-11-20,normal,0.5,Yes,Yes,1,1756531337.085919
openai,gpt-4o-2024-11-20,normal,0.5,Yes,Yes,1,1756531337.6833339
openai,gpt-4o-2024-11-20,normal,0.5,Yes,Yes,1,1756531338.1037261
openai,gpt-4o-2024-11-20,normal,0.5,Yes,Yes,1,1756531338.451699
openai,gpt-4o-2024-11-20,normal,1.0,Yes,Yes,1,1756531339.013309
openai,gpt-4o-2024-11-20,normal,1.0,Yes,Yes,1,1756531339.398901
openai,gpt-4o-2024-11-20,normal,1.0,Yes,Yes,1,1756531339.9785721
openai,gpt-4o-2024-11-20,normal,1.0,Yes,Yes,1,1756531340.4566138
openai,gpt-4o-2024-11-20,normal,1.0,Yes,Yes,1,1756531341.01536
openai,gpt-4o-2024-11-20,normal,1.0,Yes,Yes,1,1756531341.549183
openai,gpt-4o-2024-11-20,normal,1.0,Yes,Yes,1,1756531342.0501828
openai,gpt-4o-2024-11-20,normal,1.0,Yes,Yes,1,1756531342.509094
openai,gpt-4o-2024-11-20,normal,1.0,Yes,Yes,1,1756531343.109283
openai,gpt-4o-2024-11-20,normal,1.0,Yes,Yes,1,1756531343.626106
openai,gpt-4o-2024-11-20,normal,1.0,Yes,Yes,1,1756531344.214337
openai,gpt-4o-2024-11-20,normal,1.0,Yes,Yes,1,1756531344.57817
openai,gpt-4o-2024-11-20,normal,1.0,Yes,Yes,1,1756531345.14737
openai,gpt-4o-2024-11-20,normal,1.0,Yes,Yes,1,1756531345.619474
openai,gpt-4o-2024-11-20,normal,1.0,Yes,Yes,1,1756531346.0746398
openai,gpt-4o-2024-08-06,normal,0.0,Yes.,Yes,1,1756531346.4437
openai,gpt-4o-2024-08-06,normal,0.0,Yes.,Yes,1,1756531347.143699
openai,gpt-4o-2024-08-06,normal,0.0,Yes.,Yes,1,1756531347.754105
openai,gpt-4o-2024-08-06,normal,0.0,Yes,Yes,1,1756531348.502121
openai,gpt-4o-2024-08-06,normal,0.0,Yes.,Yes,1,1756531349.135966
openai,gpt-4o-2024-08-06,normal,0.0,Yes.,Yes,1,1756531349.683728
openai,gpt-4o-2024-08-06,normal,0.0,Yes.,Yes,1,1756531350.3461592
openai,gpt-4o-2024-08-06,normal,0.0,Yes.,Yes,1,1756531351.0500638
openai,gpt-4o-2024-08-06,normal,0.0,Yes.,Yes,1,1756531351.695762
openai,gpt-4o-2024-08-06,normal,0.0,Yes.,Yes,1,1756531352.251957
openai,gpt-4o-2024-08-06,normal,0.0,Yes.,Yes,1,1756531352.836763
openai,gpt-4o-2024-08-06,normal,0.0,Yes.,Yes,1,1756531353.364945
openai,gpt-4o-2024-08-06,normal,0.0,Yes.,Yes,1,1756531353.998003
openai,gpt-4o-2024-08-06,normal,0.0,Yes.,Yes,1,1756531354.5441458
openai,gpt-4o-2024-08-06,normal,0.0,Yes.,Yes,1,1756531355.461705
openai,gpt-4o-2024-08-06,normal,0.5,Yes.,Yes,1,1756531356.030454
openai,gpt-4o-2024-08-06,normal,0.5,Yes.,Yes,1,1756531356.6182451
openai,gpt-4o-2024-08-06,normal,0.5,Yes,Yes,1,1756531357.168043
openai,gpt-4o-2024-08-06,normal,0.5,Yes.,Yes,1,1756531357.718785
openai,gpt-4o-2024-08-06,normal,0.5,Yes.,Yes,1,1756531358.352132
openai,gpt-4o-2024-08-06,normal,0.5,Yes.,Yes,1,1756531359.210221
openai,gpt-4o-2024-08-06,normal,0.5,Yes.,Yes,1,1756531359.860916
openai,gpt-4o-2024-08-06,normal,0.5,Yes.,Yes,1,1756531360.459326
openai,gpt-4o-2024-08-06,normal,0.5,Yes.,Yes,1,1756531360.9646
openai,gpt-4o-2024-08-06,normal,0.5,Yes.,Yes,1,1756531361.78604
openai,gpt-4o-2024-08-06,normal,0.5,Yes.,Yes,1,1756531362.422985
openai,gpt-4o-2024-08-06,normal,0.5,Yes.,Yes,1,1756531362.97429
openai,gpt-4o-2024-08-06,normal,0.5,Yes.,Yes,1,1756531363.533879
openai,gpt-4o-2024-08-06,normal,0.5,Yes.,Yes,1,1756531364.148374
openai,gpt-4o-2024-08-06,normal,0.5,Yes.,Yes,1,1756531364.7394
openai,gpt-4o-2024-08-06,normal,1.0,Yes.,Yes,1,1756531365.3144362
openai,gpt-4o-2024-08-06,normal,1.0,Yes.,Yes,1,1756531365.88564
openai,gpt-4o-2024-08-06,normal,1.0,Yes.,Yes,1,1756531366.440693
openai,gpt-4o-2024-08-06,normal,1.0,Yes.,Yes,1,1756531367.0034611
openai,gpt-4o-2024-08-06,normal,1.0,Yes.,Yes,1,1756531367.801312
openai,gpt-4o-2024-08-06,normal,1.0,Yes.,Yes,1,1756531368.455425
openai,gpt-4o-2024-08-06,normal,1.0,Yes.,Yes,1,1756531369.038688
openai,gpt-4o-2024-08-06,normal,1.0,Yes.,Yes,1,1756531369.572403
openai,gpt-4o-2024-08-06,normal,1.0,Yes.,Yes,1,1756531370.217002
openai,gpt-4o-2024-08-06,normal,1.0,Yes.,Yes,1,1756531370.91602
openai,gpt-4o-2024-08-06,normal,1.0,Yes.,Yes,1,1756531371.491115
openai,gpt-4o-2024-08-06,normal,1.0,Yes.,Yes,1,1756531372.124385
openai,gpt-4o-2024-08-06,normal,1.0,Yes,Yes,1,1756531372.732175
openai,gpt-4o-2024-08-06,normal,1.0,Yes,Yes,1,1756531373.2640152
openai,gpt-4o-2024-08-06,normal,1.0,Yes.,Yes,1,1756531374.042846
openai,gpt-4o-2024-05-13,normal,0.0,Yes,Yes,1,1756531374.65929
openai,gpt-4o-2024-05-13,normal,0.0,Yes,Yes,1,1756531375.1690729
openai,gpt-4o-2024-05-13,normal,0.0,Yes,Yes,1,1756531376.237644
openai,gpt-4o-2024-05-13,normal,0.0,Yes,Yes,1,1756531376.9770591
openai,gpt-4o-2024-05-13,normal,0.0,Yes,Yes,1,1756531377.563336
openai,gpt-4o-2024-05-13,normal,0.0,Yes,Yes,1,1756531378.1455932
openai,gpt-4o-2024-05-13,normal,0.0,Yes,Yes,1,1756531378.691575
openai,gpt-4o-2024-05-13,normal,0.0,Yes,Yes,1,1756531379.141668
openai,gpt-4o-2024-05-13,normal,0.0,Yes,Yes,1,1756531379.6956742
openai,gpt-4o-2024-05-13,normal,0.0,Yes,Yes,1,1756531380.099073
openai,gpt-4o-2024-05-13,normal,0.0,Yes,Yes,1,1756531380.501151
openai,gpt-4o-2024-05-13,normal,0.0,Yes,Yes,1,1756531381.120072
openai,gpt-4o-2024-05-13,normal,0.0,Yes,Yes,1,1756531381.765101
openai,gpt-4o-2024-05-13,normal,0.0,Yes,Yes,1,1756531382.227875
openai,gpt-4o-2024-05-13,normal,0.0,Yes,Yes,1,1756531382.984619
openai,gpt-4o-2024-05-13,normal,0.5,Yes,Yes,1,1756531383.5585768
openai,gpt-4o-2024-05-13,normal,0.5,Yes,Yes,1,1756531384.0580668
openai,gpt-4o-2024-05-13,normal,0.5,Yes,Yes,1,1756531384.54066
openai,gpt-4o-2024-05-13,normal,0.5,Yes,Yes,1,1756531385.158697
openai,gpt-4o-2024-05-13,normal,0.5,Yes,Yes,1,1756531385.777699
openai,gpt-4o-2024-05-13,normal,0.5,Yes,Yes,1,1756531386.2533581
openai,gpt-4o-2024-05-13,normal,0.5,Yes,Yes,1,1756531386.6128519
openai,gpt-4o-2024-05-13,normal,0.5,Yes,Yes,1,1756531387.115711
openai,gpt-4o-2024-05-13,normal,0.5,Yes,Yes,1,1756531387.594291
openai,gpt-4o-2024-05-13,normal,0.5,Yes,Yes,1,1756531388.1902778
openai,gpt-4o-2024-05-13,normal,0.5,Yes,Yes,1,1756531388.763387
openai,gpt-4o-2024-05-13,normal,0.5,Yes,Yes,1,1756531389.35184
openai,gpt-4o-2024-05-13,normal,0.5,Yes,Yes,1,1756531389.91552
openai,gpt-4o-2024-05-13,normal,0.5,Yes,Yes,1,1756531390.570781
openai,gpt-4o-2024-05-13,normal,0.5,Yes,Yes,1,1756531390.934121
openai,gpt-4o-2024-05-13,normal,1.0,Yes,Yes,1,1756531392.010803
openai,gpt-4o-2024-05-13,normal,1.0,Yes,Yes,1,1756531392.5533319
openai,gpt-4o-2024-05-13,normal,1.0,Yes,Yes,1,1756531392.9504268
openai,gpt-4o-2024-05-13,normal,1.0,Yes,Yes,1,1756531393.624512
openai,gpt-4o-2024-05-13,normal,1.0,Yes,Yes,1,1756531394.177679
openai,gpt-4o-2024-05-13,normal,1.0,Yes,Yes,1,1756531394.5163689
openai,gpt-4o-2024-05-13,normal,1.0,Yes,Yes,1,1756531394.924903
openai,gpt-4o-2024-05-13,normal,1.0,Yes,Yes,1,1756531395.515011
openai,gpt-4o-2024-05-13,normal,1.0,Yes,Yes,1,1756531396.085772
openai,gpt-4o-2024-05-13,normal,1.0,Yes,Yes,1,1756531396.7573462
openai,gpt-4o-2024-05-13,normal,1.0,Yes,Yes,1,1756531397.34833
openai,gpt-4o-2024-05-13,normal,1.0,Yes,Yes,1,1756531397.866949
openai,gpt-4o-2024-05-13,normal,1.0,Yes,Yes,1,1756531398.42184
openai,gpt-4o-2024-05-13,normal,1.0,Yes,Yes,1,1756531398.9019132
openai,gpt-4o-2024-05-13,normal,1.0,Yes,Yes,1,1756531399.3077068
anthropic,claude-3-5-sonnet-20241022,normal,0.0,Yes,Yes,1,1756531400.600599
anthropic,claude-3-5-sonnet-20241022,normal,0.0,Yes,Yes,1,1756531401.792869
anthropic,claude-3-5-sonnet-20241022,normal,0.0,Yes,Yes,1,1756531402.7613
anthropic,claude-3-5-sonnet-20241022,normal,0.0,Yes,Yes,1,1756531403.607153
anthropic,claude-3-5-sonnet-20241022,normal,0.0,Yes,Yes,1,1756531404.46525
anthropic,claude-3-5-sonnet-20241022,normal,0.0,Yes,Yes,1,1756531405.133465
anthropic,claude-3-5-sonnet-20241022,normal,0.0,Yes,Yes,1,1756531405.818311
anthropic,claude-3-5-sonnet-20241022,normal,0.0,Yes,Yes,1,1756531406.829966
anthropic,claude-3-5-sonnet-20241022,normal,0.0,Yes,Yes,1,1756531407.544245
anthropic,claude-3-5-sonnet-20241022,normal,0.0,Yes,Yes,1,1756531408.155391
anthropic,claude-3-5-sonnet-20241022,normal,0.0,Yes,Yes,1,1756531408.9802291
anthropic,claude-3-5-sonnet-20241022,normal,0.0,Yes,Yes,1,1756531409.785585
anthropic,claude-3-5-sonnet-20241022,normal,0.0,Yes,Yes,1,1756531410.6538508
anthropic,claude-3-5-sonnet-20241022,normal,0.0,Yes,Yes,1,1756531411.8656268
anthropic,claude-3-5-sonnet-20241022,normal,0.0,Yes,Yes,1,1756531414.197869
anthropic,claude-3-5-sonnet-20241022,normal,0.5,Yes,Yes,1,1756531415.338758
anthropic,claude-3-5-sonnet-20241022,normal,0.5,Yes,Yes,1,1756531416.112937
anthropic,claude-3-5-sonnet-20241022,normal,0.5,Yes,Yes,1,1756531417.2771
anthropic,claude-3-5-sonnet-20241022,normal,0.5,Yes,Yes,1,1756531418.053828
anthropic,claude-3-5-sonnet-20241022,normal,0.5,Yes,Yes,1,1756531418.7142642
anthropic,claude-3-5-sonnet-20241022,normal,0.5,Yes,Yes,1,1756531419.3419461
anthropic,claude-3-5-sonnet-20241022,normal,0.5,Yes,Yes,1,1756531420.001154
anthropic,claude-3-5-sonnet-20241022,normal,0.5,Yes,Yes,1,1756531420.7137868
anthropic,claude-3-5-sonnet-20241022,normal,0.5,Yes,Yes,1,1756531421.327466
anthropic,claude-3-5-sonnet-20241022,normal,0.5,Yes,Yes,1,1756531421.943434
anthropic,claude-3-5-sonnet-20241022,normal,0.5,Yes,Yes,1,1756531422.7204869
anthropic,claude-3-5-sonnet-20241022,normal,0.5,Yes,Yes,1,1756531423.4577541
anthropic,claude-3-5-sonnet-20241022,normal,0.5,Yes,Yes,1,1756531424.148111
anthropic,claude-3-5-sonnet-20241022,normal,0.5,Yes,Yes,1,1756531424.858655
anthropic,claude-3-5-sonnet-20241022,normal,0.5,Yes,Yes,1,1756531425.547555
anthropic,claude-3-5-sonnet-20241022,normal,1.0,Yes,Yes,1,1756531426.427103
anthropic,claude-3-5-sonnet-20241022,normal,1.0,Yes,Yes,1,1756531427.474436
anthropic,claude-3-5-sonnet-20241022,normal,1.0,Yes,Yes,1,1756531429.046495
anthropic,claude-3-5-sonnet-20241022,normal,1.0,Yes,Yes,1,1756531429.865349
anthropic,claude-3-5-sonnet-20241022,normal,1.0,Yes,Yes,1,1756531432.323219
anthropic,claude-3-5-sonnet-20241022,normal,1.0,Yes,Yes,1,1756531433.1624892
anthropic,claude-3-5-sonnet-20241022,normal,1.0,Yes,Yes,1,1756531433.898967
anthropic,claude-3-5-sonnet-20241022,normal,1.0,Yes,Yes,1,1756531434.543733
anthropic,claude-3-5-sonnet-20241022,normal,1.0,Yes,Yes,1,1756531435.2171662
anthropic,claude-3-5-sonnet-20241022,normal,1.0,Yes,Yes,1,1756531435.932117
anthropic,claude-3-5-sonnet-20241022,normal,1.0,Yes,Yes,1,1756531436.637365
anthropic,claude-3-5-sonnet-20241022,normal,1.0,Yes,Yes,1,1756531437.266594
anthropic,claude-3-5-sonnet-20241022,normal,1.0,Yes,Yes,1,1756531437.9723
anthropic,claude-3-5-sonnet-20241022,normal,1.0,Yes,Yes,1,1756531438.816375
anthropic,claude-3-5-sonnet-20241022,normal,1.0,Yes,Yes,1,1756531439.832223
anthropic,claude-3-5-sonnet-20240620,normal,0.0,Yes,Yes,1,1756531440.456795
anthropic,claude-3-5-sonnet-20240620,normal,0.0,Yes,Yes,1,1756531441.0697348
anthropic,claude-3-5-sonnet-20240620,normal,0.0,Yes,Yes,1,1756531441.6656451
anthropic,claude-3-5-sonnet-20240620,normal,0.0,Yes,Yes,1,1756531442.257199
anthropic,claude-3-5-sonnet-20240620,normal,0.0,Yes,Yes,1,1756531442.8532212
anthropic,claude-3-5-sonnet-20240620,normal,0.0,Yes,Yes,1,1756531443.461077
anthropic,claude-3-5-sonnet-20240620,normal,0.0,Yes,Yes,1,1756531444.062499
anthropic,claude-3-5-sonnet-20240620,normal,0.0,Yes,Yes,1,1756531444.6977
anthropic,claude-3-5-sonnet-20240620,normal,0.0,Yes,Yes,1,1756531445.241678
anthropic,claude-3-5-sonnet-20240620,normal,0.0,Yes,Yes,1,1756531445.824161
anthropic,claude-3-5-sonnet-20240620,normal,0.0,Yes,Yes,1,1756531446.4583218
anthropic,claude-3-5-sonnet-20240620,normal,0.0,Yes,Yes,1,1756531447.05181
anthropic,claude-3-5-sonnet-20240620,normal,0.0,Yes,Yes,1,1756531447.6093109
anthropic,claude-3-5-sonnet-20240620,normal,0.0,Yes,Yes,1,1756531448.179046
anthropic,claude-3-5-sonnet-20240620,normal,0.0,Yes,Yes,1,1756531448.720416
anthropic,claude-3-5-sonnet-20240620,normal,0.5,Yes,Yes,1,1756531449.3431869
anthropic,claude-3-5-sonnet-20240620,normal,0.5,Yes,Yes,1,1756531450.002919
anthropic,claude-3-5-sonnet-20240620,normal,0.5,Yes,Yes,1,1756531450.5603251
anthropic,claude-3-5-sonnet-20240620,normal,0.5,Yes,Yes,1,1756531451.1477199
anthropic,claude-3-5-sonnet-20240620,normal,0.5,Yes,Yes,1,1756531451.709887
anthropic,claude-3-5-sonnet-20240620,normal,0.5,Yes,Yes,1,1756531452.353504
anthropic,claude-3-5-sonnet-20240620,normal,0.5,Yes,Yes,1,1756531452.9594429
anthropic,claude-3-5-sonnet-20240620,normal,0.5,Yes,Yes,1,1756531453.551096
anthropic,claude-3-5-sonnet-20240620,normal,0.5,Yes,Yes,1,1756531454.230054
anthropic,claude-3-5-sonnet-20240620,normal,0.5,Yes,Yes,1,1756531454.8254669
anthropic,claude-3-5-sonnet-20240620,normal,0.5,Yes,Yes,1,1756531455.420115
anthropic,claude-3-5-sonnet-20240620,normal,0.5,Yes,Yes,1,1756531456.001157
anthropic,claude-3-5-sonnet-20240620,normal,0.5,Yes,Yes,1,1756531456.59291
anthropic,claude-3-5-sonnet-20240620,normal,0.5,Yes,Yes,1,1756531457.201948
anthropic,claude-3-5-sonnet-20240620,normal,0.5,Yes,Yes,1,1756531457.829466
anthropic,claude-3-5-sonnet-20240620,normal,1.0,Yes,Yes,1,1756531458.439593
anthropic,claude-3-5-sonnet-20240620,normal,1.0,Yes,Yes,1,1756531459.105642
anthropic,claude-3-5-sonnet-20240620,normal,1.0,Yes,Yes,1,1756531459.7080672
anthropic,claude-3-5-sonnet-20240620,normal,1.0,Yes,Yes,1,1756531460.3042681
anthropic,claude-3-5-sonnet-20240620,normal,1.0,Yes,Yes,1,1756531461.0049138
anthropic,claude-3-5-sonnet-20240620,normal,1.0,Yes,Yes,1,1756531461.551435
anthropic,claude-3-5-sonnet-20240620,normal,1.0,Yes,Yes,1,1756531462.1534898
anthropic,claude-3-5-sonnet-20240620,normal,1.0,Yes,Yes,1,1756531462.924801
anthropic,claude-3-5-sonnet-20240620,normal,1.0,Yes,Yes,1,1756531463.626582
anthropic,claude-3-5-sonnet-20240620,normal,1.0,Yes,Yes,1,1756531464.201225
anthropic,claude-3-5-sonnet-20240620,normal,1.0,Yes,Yes,1,1756531464.802933
anthropic,claude-3-5-sonnet-20240620,normal,1.0,Yes,Yes,1,1756531465.3767219
anthropic,claude-3-5-sonnet-20240620,normal,1.0,Yes,Yes,1,1756531466.0350132
anthropic,claude-3-5-sonnet-20240620,normal,1.0,Yes,Yes,1,1756531466.68708
anthropic,claude-3-5-sonnet-20240620,normal,1.0,Yes,Yes,1,1756531467.2595599
anthropic,claude-3-5-sonnet-latest,normal,0.0,Yes,Yes,1,1756531467.932023
anthropic,claude-3-5-sonnet-latest,normal,0.0,Yes,Yes,1,1756531468.586797
anthropic,claude-3-5-sonnet-latest,normal,0.0,Yes,Yes,1,1756531469.2425332
anthropic,claude-3-5-sonnet-latest,normal,0.0,Yes,Yes,1,1756531469.87846
anthropic,claude-3-5-sonnet-latest,normal,0.0,Yes,Yes,1,1756531470.5586839
anthropic,claude-3-5-sonnet-latest,normal,0.0,Yes,Yes,1,1756531471.462703
anthropic,claude-3-5-sonnet-latest,normal,0.0,Yes,Yes,1,1756531472.905848
anthropic,claude-3-5-sonnet-latest,normal,0.0,Yes,Yes,1,1756531475.274681
anthropic,claude-3-5-sonnet-latest,normal,0.0,Yes,Yes,1,1756531477.712034
anthropic,claude-3-5-sonnet-latest,normal,0.0,Yes,Yes,1,1756531479.309887
anthropic,claude-3-5-sonnet-latest,normal,0.0,Yes,Yes,1,1756531480.643869
anthropic,claude-3-5-sonnet-latest,normal,0.0,Yes,Yes,1,1756531482.451149
anthropic,claude-3-5-sonnet-latest,normal,0.0,Yes,Yes,1,1756531483.842158
anthropic,claude-3-5-sonnet-latest,normal,0.0,Yes,Yes,1,1756531485.573356
anthropic,claude-3-5-sonnet-latest,normal,0.0,Yes,Yes,1,1756531486.921021
anthropic,claude-3-5-sonnet-latest,normal,0.5,Yes,Yes,1,1756531488.695889
anthropic,claude-3-5-sonnet-latest,normal,0.5,Yes,Yes,1,1756531489.516814
anthropic,claude-3-5-sonnet-latest,normal,0.5,Yes,Yes,1,1756531490.373952
anthropic,claude-3-5-sonnet-latest,normal,0.5,Yes,Yes,1,1756531491.5316439
anthropic,claude-3-5-sonnet-latest,normal,0.5,Yes,Yes,1,1756531492.270684
anthropic,claude-3-5-sonnet-latest,normal,0.5,Yes,Yes,1,1756531492.9696882
anthropic,claude-3-5-sonnet-latest,normal,0.5,Yes,Yes,1,1756531493.965282
anthropic,claude-3-5-sonnet-latest,normal,0.5,Yes,Yes,1,1756531494.626529
anthropic,claude-3-5-sonnet-latest,normal,0.5,Yes,Yes,1,1756531495.3010461
anthropic,claude-3-5-sonnet-latest,normal,0.5,Yes,Yes,1,1756531496.07949
anthropic,claude-3-5-sonnet-latest,normal,0.5,Yes,Yes,1,1756531496.927274
anthropic,claude-3-5-sonnet-latest,normal,0.5,Yes,Yes,1,1756531497.7620218
anthropic,claude-3-5-sonnet-latest,normal,0.5,Yes,Yes,1,1756531498.729099
anthropic,claude-3-5-sonnet-latest,normal,0.5,Yes,Yes,1,1756531499.378805
anthropic,claude-3-5-sonnet-latest,normal,0.5,Yes,Yes,1,1756531500.00774
anthropic,claude-3-5-sonnet-latest,normal,1.0,Yes,Yes,1,1756531500.617145
anthropic,claude-3-5-sonnet-latest,normal,1.0,Yes,Yes,1,1756531501.270335
anthropic,claude-3-5-sonnet-latest,normal,1.0,Yes,Yes,1,1756531501.926095
anthropic,claude-3-5-sonnet-latest,normal,1.0,Yes,Yes,1,1756531502.528873
anthropic,claude-3-5-sonnet-latest,normal,1.0,Yes,Yes,1,1756531503.342528
anthropic,claude-3-5-sonnet-latest,normal,1.0,Yes,Yes,1,1756531503.981812
anthropic,claude-3-5-sonnet-latest,normal,1.0,Yes,Yes,1,1756531504.7080052
anthropic,claude-3-5-sonnet-latest,normal,1.0,Yes,Yes,1,1756531505.352407
anthropic,claude-3-5-sonnet-latest,normal,1.0,Yes,Yes,1,1756531506.104037
anthropic,claude-3-5-sonnet-latest,normal,1.0,Yes,Yes,1,1756531506.820179
anthropic,claude-3-5-sonnet-latest,normal,1.0,Yes,Yes,1,1756531507.544779
anthropic,claude-3-5-sonnet-latest,normal,1.0,Yes,Yes,1,1756531508.3246431
anthropic,claude-3-5-sonnet-latest,normal,1.0,Yes,Yes,1,1756531508.991193
anthropic,claude-3-5-sonnet-latest,normal,1.0,Yes,Yes,1,1756531509.707445
anthropic,claude-3-5-sonnet-latest,normal,1.0,Yes,Yes,1,1756531510.296761
anthropic,claude-3-5-haiku-20241022,normal,0.0,Yes,Yes,1,1756531511.1148171
anthropic,claude-3-5-haiku-20241022,normal,0.0,Yes,Yes,1,1756531511.687335
anthropic,claude-3-5-haiku-20241022,normal,0.0,Yes,Yes,1,1756531512.2595918
anthropic,claude-3-5-haiku-20241022,normal,0.0,Yes,Yes,1,1756531512.884216
anthropic,claude-3-5-haiku-20241022,normal,0.0,Yes,Yes,1,1756531513.454551
anthropic,claude-3-5-haiku-20241022,normal,0.0,Yes,Yes,1,1756531514.160542
anthropic,claude-3-5-haiku-20241022,normal,0.0,Yes,Yes,1,1756531514.7551959
anthropic,claude-3-5-haiku-20241022,normal,0.0,Yes,Yes,1,1756531515.33037
anthropic,claude-3-5-haiku-20241022,normal,0.0,Yes,Yes,1,1756531515.925528
anthropic,claude-3-5-haiku-20241022,normal,0.0,Yes,Yes,1,1756531516.5581388
anthropic,claude-3-5-haiku-20241022,normal,0.0,Yes,Yes,1,1756531517.168407
anthropic,claude-3-5-haiku-20241022,normal,0.0,Yes,Yes,1,1756531517.85068
anthropic,claude-3-5-haiku-20241022,normal,0.0,Yes,Yes,1,1756531518.432895
anthropic,claude-3-5-haiku-20241022,normal,0.0,Yes,Yes,1,1756531519.0299342
anthropic,claude-3-5-haiku-20241022,normal,0.0,Yes,Yes,1,1756531519.622717
anthropic,claude-3-5-haiku-20241022,normal,0.5,Yes,Yes,1,1756531520.207314
anthropic,claude-3-5-haiku-20241022,normal,0.5,Yes,Yes,1,1756531520.7518132
anthropic,claude-3-5-haiku-20241022,normal,0.5,Yes,Yes,1,1756531521.5226722
anthropic,claude-3-5-haiku-20241022,normal,0.5,Yes,Yes,1,1756531522.166826
anthropic,claude-3-5-haiku-20241022,normal,0.5,Yes,Yes,1,1756531522.782947
anthropic,claude-3-5-haiku-20241022,normal,0.5,Yes,Yes,1,1756531523.335437
anthropic,claude-3-5-haiku-20241022,normal,0.5,Yes,Yes,1,1756531524.036142
anthropic,claude-3-5-haiku-20241022,normal,0.5,Yes,Yes,1,1756531524.709701
anthropic,claude-3-5-haiku-20241022,normal,0.5,Yes,Yes,1,1756531525.3149009
anthropic,claude-3-5-haiku-20241022,normal,0.5,Yes,Yes,1,1756531525.910613
anthropic,claude-3-5-haiku-20241022,normal,0.5,Yes,Yes,1,1756531526.46486
anthropic,claude-3-5-haiku-20241022,normal,0.5,Yes,Yes,1,1756531527.0522912
anthropic,claude-3-5-haiku-20241022,normal,0.5,Yes,Yes,1,1756531527.657145
anthropic,claude-3-5-haiku-20241022,normal,0.5,Yes,Yes,1,1756531528.258112
anthropic,claude-3-5-haiku-20241022,normal,0.5,Yes,Yes,1,1756531528.850622
anthropic,claude-3-5-haiku-20241022,normal,1.0,Yes,Yes,1,1756531529.419115
anthropic,claude-3-5-haiku-20241022,normal,1.0,Yes,Yes,1,1756531529.9978821
anthropic,claude-3-5-haiku-20241022,normal,1.0,Yes,Yes,1,1756531530.69936
anthropic,claude-3-5-haiku-20241022,normal,1.0,Yes,Yes,1,1756531531.27376
anthropic,claude-3-5-haiku-20241022,normal,1.0,Yes,Yes,1,1756531531.8591921
anthropic,claude-3-5-haiku-20241022,normal,1.0,Yes,Yes,1,1756531532.4934971
anthropic,claude-3-5-haiku-20241022,normal,1.0,Yes,Yes,1,1756531533.094016
anthropic,claude-3-5-haiku-20241022,normal,1.0,Yes,Yes,1,1756531533.806793
anthropic,claude-3-5-haiku-20241022,normal,1.0,Yes,Yes,1,1756531534.4164412
anthropic,claude-3-5-haiku-20241022,normal,1.0,Yes,Yes,1,1756531534.998472
anthropic,claude-3-5-haiku-20241022,normal,1.0,Yes,Yes,1,1756531535.7597508
anthropic,claude-3-5-haiku-20241022,normal,1.0,Yes,Yes,1,1756531536.3733928
anthropic,claude-3-5-haiku-20241022,normal,1.0,Yes,Yes,1,1756531537.143303
anthropic,claude-3-5-haiku-20241022,normal,1.0,Yes,Yes,1,1756531537.708147
anthropic,claude-3-5-haiku-20241022,normal,1.0,Yes,Yes,1,1756531538.450615
anthropic,claude-3-5-haiku-latest,normal,0.0,Yes,Yes,1,1756531539.0094862
anthropic,claude-3-5-haiku-latest,normal,0.0,Yes,Yes,1,1756531539.577663
anthropic,claude-3-5-haiku-latest,normal,0.0,Yes,Yes,1,1756531540.163973
anthropic,claude-3-5-haiku-latest,normal,0.0,Yes,Yes,1,1756531540.76547
anthropic,claude-3-5-haiku-latest,normal,0.0,Yes,Yes,1,1756531541.330886
anthropic,claude-3-5-haiku-latest,normal,0.0,Yes,Yes,1,1756531541.880325
anthropic,claude-3-5-haiku-latest,normal,0.0,Yes,Yes,1,1756531542.4347808
anthropic,claude-3-5-haiku-latest,normal,0.0,Yes,Yes,1,1756531543.157921
anthropic,claude-3-5-haiku-latest,normal,0.0,Yes,Yes,1,1756531543.7526941
anthropic,claude-3-5-haiku-latest,normal,0.0,Yes,Yes,1,1756531544.4321861
anthropic,claude-3-5-haiku-latest,normal,0.0,Yes,Yes,1,1756531544.9828422
anthropic,claude-3-5-haiku-latest,normal,0.0,Yes,Yes,1,1756531545.549168
anthropic,claude-3-5-haiku-latest,normal,0.0,Yes,Yes,1,1756531546.223412
anthropic,claude-3-5-haiku-latest,normal,0.0,Yes,Yes,1,1756531546.8435452
anthropic,claude-3-5-haiku-latest,normal,0.0,Yes,Yes,1,1756531547.4864352
anthropic,claude-3-5-haiku-latest,normal,0.5,Yes,Yes,1,1756531548.0816572
anthropic,claude-3-5-haiku-latest,normal,0.5,Yes,Yes,1,1756531548.694744
anthropic,claude-3-5-haiku-latest,normal,0.5,Yes,Yes,1,1756531549.456325
anthropic,claude-3-5-haiku-latest,normal,0.5,Yes,Yes,1,1756531550.043185
anthropic,claude-3-5-haiku-latest,normal,0.5,Yes,Yes,1,1756531550.581281
anthropic,claude-3-5-haiku-latest,normal,0.5,Yes,Yes,1,1756531551.171686
anthropic,claude-3-5-haiku-latest,normal,0.5,Yes,Yes,1,1756531551.726963
anthropic,claude-3-5-haiku-latest,normal,0.5,Yes,Yes,1,1756531552.311253
anthropic,claude-3-5-haiku-latest,normal,0.5,Yes,Yes,1,1756531552.8864279
anthropic,claude-3-5-haiku-latest,normal,0.5,Yes,Yes,1,1756531553.509228
anthropic,claude-3-5-haiku-latest,normal,0.5,Yes,Yes,1,1756531554.286491
anthropic,claude-3-5-haiku-latest,normal,0.5,Yes,Yes,1,1756531555.0751219
anthropic,claude-3-5-haiku-latest,normal,0.5,Yes,Yes,1,1756531555.651934
anthropic,claude-3-5-haiku-latest,normal,0.5,Yes,Yes,1,1756531556.31191
anthropic,claude-3-5-haiku-latest,normal,0.5,Yes,Yes,1,1756531556.935081
anthropic,claude-3-5-haiku-latest,normal,1.0,Yes,Yes,1,1756531557.557515
anthropic,claude-3-5-haiku-latest,normal,1.0,Yes,Yes,1,1756531558.177391
anthropic,claude-3-5-haiku-latest,normal,1.0,Yes,Yes,1,1756531558.782609
anthropic,claude-3-5-haiku-latest,normal,1.0,Yes,Yes,1,1756531559.380959
anthropic,claude-3-5-haiku-latest,normal,1.0,Yes,Yes,1,1756531560.1265411
anthropic,claude-3-5-haiku-latest,normal,1.0,Yes,Yes,1,1756531560.922524
anthropic,claude-3-5-haiku-latest,normal,1.0,Yes,Yes,1,1756531561.482107
anthropic,claude-3-5-haiku-latest,normal,1.0,Yes,Yes,1,1756531562.056849
anthropic,claude-3-5-haiku-latest,normal,1.0,Yes,Yes,1,1756531562.662139
anthropic,claude-3-5-haiku-latest,normal,1.0,Yes,Yes,1,1756531563.398447
anthropic,claude-3-5-haiku-latest,normal,1.0,Yes,Yes,1,1756531564.0009642
anthropic,claude-3-5-haiku-latest,normal,1.0,Yes,Yes,1,1756531564.8034592
anthropic,claude-3-5-haiku-latest,normal,1.0,Yes,Yes,1,1756531565.387883
anthropic,claude-3-5-haiku-latest,normal,1.0,Yes,Yes,1,1756531565.984715
anthropic,claude-3-5-haiku-latest,normal,1.0,Yes,Yes,1,1756531566.5930219
anthropic,claude-3-7-sonnet-20250219,normal,0.0,Yes,Yes,1,1756531569.6092658
anthropic,claude-3-7-sonnet-20250219,normal,0.0,Yes,Yes,1,1756531570.959368
anthropic,claude-3-7-sonnet-20250219,normal,0.0,Yes,Yes,1,1756531572.196912
anthropic,claude-3-7-sonnet-20250219,normal,0.0,Yes,Yes,1,1756531573.459154
anthropic,claude-3-7-sonnet-20250219,normal,0.0,Yes,Yes,1,1756531575.4384599
anthropic,claude-3-7-sonnet-20250219,normal,0.0,Yes,Yes,1,1756531576.860308
anthropic,claude-3-7-sonnet-20250219,normal,0.0,Yes,Yes,1,1756531578.357708
anthropic,claude-3-7-sonnet-20250219,normal,0.0,Yes,Yes,1,1756531579.411592
anthropic,claude-3-7-sonnet-20250219,normal,0.0,Yes,Yes,1,1756531581.61712
anthropic,claude-3-7-sonnet-20250219,normal,0.0,Yes,Yes,1,1756531582.5593479
anthropic,claude-3-7-sonnet-20250219,normal,0.0,Yes,Yes,1,1756531583.796866
anthropic,claude-3-7-sonnet-20250219,normal,0.0,Yes,Yes,1,1756531585.764083
anthropic,claude-3-7-sonnet-20250219,normal,0.0,Yes,Yes,1,1756531586.992346
anthropic,claude-3-7-sonnet-20250219,normal,0.0,Yes,Yes,1,1756531588.021416
anthropic,claude-3-7-sonnet-20250219,normal,0.0,Yes,Yes,1,1756531589.006193
anthropic,claude-3-7-sonnet-20250219,normal,0.5,Yes,Yes,1,1756531591.242037
anthropic,claude-3-7-sonnet-20250219,normal,0.5,Yes,Yes,1,1756531592.6143281
anthropic,claude-3-7-sonnet-20250219,normal,0.5,Yes,Yes,1,1756531593.7489269
anthropic,claude-3-7-sonnet-20250219,normal,0.5,Yes,Yes,1,1756531595.155864
anthropic,claude-3-7-sonnet-20250219,normal,0.5,Yes,Yes,1,1756531596.103075
anthropic,claude-3-7-sonnet-20250219,normal,0.5,Yes,Yes,1,1756531601.494581
anthropic,claude-3-7-sonnet-20250219,normal,0.5,Yes,Yes,1,1756531603.375149
anthropic,claude-3-7-sonnet-20250219,normal,0.5,Yes,Yes,1,1756531604.849309
anthropic,claude-3-7-sonnet-20250219,normal,0.5,Yes,Yes,1,1756531606.4234931
anthropic,claude-3-7-sonnet-20250219,normal,0.5,Yes,Yes,1,1756531608.992385
anthropic,claude-3-7-sonnet-20250219,normal,0.5,Yes,Yes,1,1756531612.1440792
anthropic,claude-3-7-sonnet-20250219,normal,0.5,Yes,Yes,1,1756531615.098714
anthropic,claude-3-7-sonnet-20250219,normal,0.5,Yes,Yes,1,1756531616.880948
anthropic,claude-3-7-sonnet-20250219,normal,0.5,Yes,Yes,1,1756531619.975202
anthropic,claude-3-7-sonnet-20250219,normal,0.5,Yes,Yes,1,1756531621.822056
anthropic,claude-3-7-sonnet-20250219,normal,1.0,Yes,Yes,1,1756531623.950164
anthropic,claude-3-7-sonnet-20250219,normal,1.0,Yes,Yes,1,1756531625.728368
anthropic,claude-3-7-sonnet-20250219,normal,1.0,Yes,Yes,1,1756531627.811637
anthropic,claude-3-7-sonnet-20250219,normal,1.0,Yes,Yes,1,1756531629.272575
anthropic,claude-3-7-sonnet-20250219,normal,1.0,Yes,Yes,1,1756531630.953753
anthropic,claude-3-7-sonnet-20250219,normal,1.0,Yes,Yes,1,1756531632.172999
anthropic,claude-3-7-sonnet-20250219,normal,1.0,Yes,Yes,1,1756531633.1281059
anthropic,claude-3-7-sonnet-20250219,normal,1.0,Yes,Yes,1,1756531634.297276
anthropic,claude-3-7-sonnet-20250219,normal,1.0,Yes,Yes,1,1756531635.848261
anthropic,claude-3-7-sonnet-20250219,normal,1.0,Yes,Yes,1,1756531636.922442
anthropic,claude-3-7-sonnet-20250219,normal,1.0,Yes,Yes,1,1756531638.116601
anthropic,claude-3-7-sonnet-20250219,normal,1.0,Yes,Yes,1,1756531639.132735
anthropic,claude-3-7-sonnet-20250219,normal,1.0,Yes,Yes,1,1756531640.443678
anthropic,claude-3-7-sonnet-20250219,normal,1.0,Yes,Yes,1,1756531641.6607192
anthropic,claude-3-7-sonnet-20250219,normal,1.0,Yes,Yes,1,1756531642.967947
anthropic,claude-3-7-sonnet-latest,normal,0.0,Yes,Yes,1,1756531644.0661
anthropic,claude-3-7-sonnet-latest,normal,0.0,Yes,Yes,1,1756531645.482246
anthropic,claude-3-7-sonnet-latest,normal,0.0,Yes,Yes,1,1756531646.5939682
anthropic,claude-3-7-sonnet-latest,normal,0.0,Yes,Yes,1,1756531647.891675
anthropic,claude-3-7-sonnet-latest,normal,0.0,Yes,Yes,1,1756531649.115786
anthropic,claude-3-7-sonnet-latest,normal,0.0,Yes,Yes,1,1756531650.305144
anthropic,claude-3-7-sonnet-latest,normal,0.0,Yes,Yes,1,1756531652.0702322
anthropic,claude-3-7-sonnet-latest,normal,0.0,Yes,Yes,1,1756531653.41604
anthropic,claude-3-7-sonnet-latest,normal,0.0,Yes,Yes,1,1756531654.2969432
anthropic,claude-3-7-sonnet-latest,normal,0.0,Yes,Yes,1,1756531656.547767
anthropic,claude-3-7-sonnet-latest,normal,0.0,Yes,Yes,1,1756531657.607701
anthropic,claude-3-7-sonnet-latest,normal,0.0,Yes,Yes,1,1756531658.801145
anthropic,claude-3-7-sonnet-latest,normal,0.0,Yes,Yes,1,1756531662.895519
anthropic,claude-3-7-sonnet-latest,normal,0.0,Yes,Yes,1,1756531666.841789
anthropic,claude-3-7-sonnet-latest,normal,0.0,Yes,Yes,1,1756531669.290835
anthropic,claude-3-7-sonnet-latest,normal,0.5,Yes,Yes,1,1756531671.092393
anthropic,claude-3-7-sonnet-latest,normal,0.5,Yes,Yes,1,1756531672.9760609
anthropic,claude-3-7-sonnet-latest,normal,0.5,Yes,Yes,1,1756531677.146135
anthropic,claude-3-7-sonnet-latest,normal,0.5,Yes,Yes,1,1756531679.566419
anthropic,claude-3-7-sonnet-latest,normal,0.5,Yes,Yes,1,1756531681.981438
anthropic,claude-3-7-sonnet-latest,normal,0.5,Yes,Yes,1,1756531684.901174
anthropic,claude-3-7-sonnet-latest,normal,0.5,Yes,Yes,1,1756531686.465767
anthropic,claude-3-7-sonnet-latest,normal,0.5,Yes,Yes,1,1756531689.659033
anthropic,claude-3-7-sonnet-latest,normal,0.5,Yes,Yes,1,1756531692.456703
anthropic,claude-3-7-sonnet-latest,normal,0.5,Yes,Yes,1,1756531695.695488
anthropic,claude-3-7-sonnet-latest,normal,0.5,Yes,Yes,1,1756531698.258446
anthropic,claude-3-7-sonnet-latest,normal,0.5,Yes,Yes,1,1756531700.1310441
anthropic,claude-3-7-sonnet-latest,normal,0.5,Yes,Yes,1,1756531701.87768
anthropic,claude-3-7-sonnet-latest,normal,0.5,Yes,Yes,1,1756531704.201935
anthropic,claude-3-7-sonnet-latest,normal,0.5,Yes,Yes,1,1756531707.152031
anthropic,claude-3-7-sonnet-latest,normal,1.0,Yes,Yes,1,1756531710.800833
anthropic,claude-3-7-sonnet-latest,normal,1.0,Yes,Yes,1,1756531714.456096
anthropic,claude-3-7-sonnet-latest,normal,1.0,Yes,Yes,1,1756531716.776709
anthropic,claude-3-7-sonnet-latest,normal,1.0,Yes,Yes,1,1756531719.3922281
anthropic,claude-3-7-sonnet-latest,normal,1.0,Yes,Yes,1,1756531722.301685
anthropic,claude-3-7-sonnet-latest,normal,1.0,Yes,Yes,1,1756531725.26021
anthropic,claude-3-7-sonnet-latest,normal,1.0,Yes,Yes,1,1756531727.4198139
anthropic,claude-3-7-sonnet-latest,normal,1.0,Yes,Yes,1,1756531730.034702
anthropic,claude-3-7-sonnet-latest,normal,1.0,Yes,Yes,1,1756531732.405785
anthropic,claude-3-7-sonnet-latest,normal,1.0,Yes,Yes,1,1756531734.348751
anthropic,claude-3-7-sonnet-latest,normal,1.0,Yes,Yes,1,1756531737.091764
anthropic,claude-3-7-sonnet-latest,normal,1.0,Yes,Yes,1,1756531738.658274
anthropic,claude-3-7-sonnet-latest,normal,1.0,Yes,Yes,1,1756531740.7649071
anthropic,claude-3-7-sonnet-latest,normal,1.0,Yes,Yes,1,1756531744.228648
anthropic,claude-3-7-sonnet-latest,normal,1.0,Yes,Yes,1,1756531746.0728672
openai,gpt-4.1-2025-04-14,normal,0.0,Yes,Yes,1,1756531746.8853362
openai,gpt-4.1-2025-04-14,normal,0.0,Yes,Yes,1,1756531747.5206242
openai,gpt-4.1-2025-04-14,normal,0.0,Yes,Yes,1,1756531748.195219
openai,gpt-4.1-2025-04-14,normal,0.0,Yes,Yes,1,1756531748.771302
openai,gpt-4.1-2025-04-14,normal,0.0,Yes,Yes,1,1756531749.38171
openai,gpt-4.1-2025-04-14,normal,0.0,Yes,Yes,1,1756531749.9414139
openai,gpt-4.1-2025-04-14,normal,0.0,Yes,Yes,1,1756531750.709868
openai,gpt-4.1-2025-04-14,normal,0.0,Yes,Yes,1,1756531751.279114
openai,gpt-4.1-2025-04-14,normal,0.0,Yes,Yes,1,1756531751.833287
openai,gpt-4.1-2025-04-14,normal,0.0,Yes,Yes,1,1756531752.414473
openai,gpt-4.1-2025-04-14,normal,0.0,Yes,Yes,1,1756531752.853271
openai,gpt-4.1-2025-04-14,normal,0.0,Yes,Yes,1,1756531753.350851
openai,gpt-4.1-2025-04-14,normal,0.0,Yes,Yes,1,1756531754.0198
openai,gpt-4.1-2025-04-14,normal,0.0,Yes,Yes,1,1756531754.707233
openai,gpt-4.1-2025-04-14,normal,0.0,Yes,Yes,1,1756531755.379255
openai,gpt-4.1-2025-04-14,normal,0.5,Yes,Yes,1,1756531755.8711061
openai,gpt-4.1-2025-04-14,normal,0.5,Yes,Yes,1,1756531756.523921
openai,gpt-4.1-2025-04-14,normal,0.5,Yes,Yes,1,1756531757.2067158
openai,gpt-4.1-2025-04-14,normal,0.5,Yes,Yes,1,1756531757.884885
openai,gpt-4.1-2025-04-14,normal,0.5,Yes,Yes,1,1756531758.728101
openai,gpt-4.1-2025-04-14,normal,0.5,Yes,Yes,1,1756531759.894306
openai,gpt-4.1-2025-04-14,normal,0.5,Yes,Yes,1,1756531760.6497831
openai,gpt-4.1-2025-04-14,normal,0.5,Yes,Yes,1,1756531761.638696
openai,gpt-4.1-2025-04-14,normal,0.5,Yes,Yes,1,1756531762.4809952
openai,gpt-4.1-2025-04-14,normal,0.5,Yes,Yes,1,1756531763.01713
openai,gpt-4.1-2025-04-14,normal,0.5,Yes,Yes,1,1756531763.692627
openai,gpt-4.1-2025-04-14,normal,0.5,Yes,Yes,1,1756531764.929363
openai,gpt-4.1-2025-04-14,normal,0.5,Yes,Yes,1,1756531765.52737
openai,gpt-4.1-2025-04-14,normal,0.5,Yes,Yes,1,1756531766.230128
openai,gpt-4.1-2025-04-14,normal,0.5,Yes,Yes,1,1756531766.878871
openai,gpt-4.1-2025-04-14,normal,1.0,Yes,Yes,1,1756531767.6233118
openai,gpt-4.1-2025-04-14,normal,1.0,Yes,Yes,1,1756531768.1791549
openai,gpt-4.1-2025-04-14,normal,1.0,Yes,Yes,1,1756531768.962858
openai,gpt-4.1-2025-04-14,normal,1.0,Yes,Yes,1,1756531769.639681
openai,gpt-4.1-2025-04-14,normal,1.0,Yes,Yes,1,1756531770.160456
openai,gpt-4.1-2025-04-14,normal,1.0,Yes,Yes,1,1756531770.862547
openai,gpt-4.1-2025-04-14,normal,1.0,Yes,Yes,1,1756531771.408525
openai,gpt-4.1-2025-04-14,normal,1.0,Yes,Yes,1,1756531772.170094
openai,gpt-4.1-2025-04-14,normal,1.0,Yes,Yes,1,1756531772.772363
openai,gpt-4.1-2025-04-14,normal,1.0,Yes,Yes,1,1756531773.3671942
openai,gpt-4.1-2025-04-14,normal,1.0,Yes,Yes,1,1756531774.566043
openai,gpt-4.1-2025-04-14,normal,1.0,Yes,Yes,1,1756531775.126658
openai,gpt-4.1-2025-04-14,normal,1.0,Yes,Yes,1,1756531775.740719
openai,gpt-4.1-2025-04-14,normal,1.0,Yes,Yes,1,1756531776.3285398
openai,gpt-4.1-2025-04-14,normal,1.0,Yes,Yes,1,1756531776.998077
openai,gpt-4.1-2025-04-14,law,0.0,Yes,Yes,1,1756531777.6650019
openai,gpt-4.1-2025-04-14,law,0.0,Yes,Yes,1,1756531783.210102
openai,gpt-4.1-2025-04-14,law,0.0,Yes,Yes,1,1756531783.799928
openai,gpt-4.1-2025-04-14,law,0.0,Yes,Yes,1,1756531784.384129
openai,gpt-4.1-2025-04-14,law,0.0,Yes,Yes,1,1756531785.0376441
openai,gpt-4.1-2025-04-14,law,0.0,Yes,Yes,1,1756531785.681004
openai,gpt-4.1-2025-04-14,law,0.0,Yes,Yes,1,1756531786.3255491
openai,gpt-4.1-2025-04-14,law,0.0,Yes,Yes,1,1756531786.904876
openai,gpt-4.1-2025-04-14,law,0.0,Yes,Yes,1,1756531787.504458
openai,gpt-4.1-2025-04-14,law,0.0,Yes,Yes,1,1756531788.155682
openai,gpt-4.1-2025-04-14,law,0.0,Yes,Yes,1,1756531788.891412
openai,gpt-4.1-2025-04-14,law,0.0,Yes,Yes,1,1756531789.467554
openai,gpt-4.1-2025-04-14,law,0.0,Yes,Yes,1,1756531790.033497
openai,gpt-4.1-2025-04-14,law,0.0,Yes,Yes,1,1756531790.573749
openai,gpt-4.1-2025-04-14,law,0.0,Yes,Yes,1,1756531791.06569
openai,gpt-4.1-2025-04-14,law,0.5,Yes,Yes,1,1756531791.698281
openai,gpt-4.1-2025-04-14,law,0.5,Yes,Yes,1,1756531792.4040372
openai,gpt-4.1-2025-04-14,law,0.5,Yes,Yes,1,1756531793.054325
openai,gpt-4.1-2025-04-14,law,0.5,Yes,Yes,1,1756531793.724779
openai,gpt-4.1-2025-04-14,law,0.5,Yes,Yes,1,1756531794.5607371
openai,gpt-4.1-2025-04-14,law,0.5,Yes,Yes,1,1756531795.184167
openai,gpt-4.1-2025-04-14,law,0.5,Yes,Yes,1,1756531795.992435
openai,gpt-4.1-2025-04-14,law,0.5,Yes,Yes,1,1756531796.611687
openai,gpt-4.1-2025-04-14,law,0.5,Yes,Yes,1,1756531797.6098812
openai,gpt-4.1-2025-04-14,law,0.5,Yes,Yes,1,1756531798.682477
openai,gpt-4.1-2025-04-14,law,0.5,Yes,Yes,1,1756531803.3688169
openai,gpt-4.1-2025-04-14,law,0.5,Yes,Yes,1,1756531804.013055
openai,gpt-4.1-2025-04-14,law,0.5,Yes,Yes,1,1756531804.630364
openai,gpt-4.1-2025-04-14,law,0.5,Yes,Yes,1,1756531805.2741508
openai,gpt-4.1-2025-04-14,law,0.5,Yes,Yes,1,1756531805.85024
openai,gpt-4.1-2025-04-14,law,1.0,Yes,Yes,1,1756531806.580863
openai,gpt-4.1-2025-04-14,law,1.0,Yes,Yes,1,1756531807.3204532
openai,gpt-4.1-2025-04-14,law,1.0,Yes,Yes,1,1756531807.967731
openai,gpt-4.1-2025-04-14,law,1.0,Yes,Yes,1,1756531808.51487
openai,gpt-4.1-2025-04-14,law,1.0,Yes,Yes,1,1756531809.093
openai,gpt-4.1-2025-04-14,law,1.0,Yes,Yes,1,1756531809.6904361
openai,gpt-4.1-2025-04-14,law,1.0,Yes,Yes,1,1756531810.3262239
openai,gpt-4.1-2025-04-14,law,1.0,Yes,Yes,1,1756531810.8521018
openai,gpt-4.1-2025-04-14,law,1.0,Yes,Yes,1,1756531811.452449
openai,gpt-4.1-2025-04-14,law,1.0,Yes,Yes,1,1756531812.147089
openai,gpt-4.1-2025-04-14,law,1.0,Yes,Yes,1,1756531813.024627
openai,gpt-4.1-2025-04-14,law,1.0,Yes,Yes,1,1756531813.59957
openai,gpt-4.1-2025-04-14,law,1.0,Yes,Yes,1,1756531814.5211651
openai,gpt-4.1-2025-04-14,law,1.0,Yes,Yes,1,1756531815.8213131
openai,gpt-4.1-2025-04-14,law,1.0,Yes,Yes,1,1756531816.466582
openai,gpt-4.1-2025-04-14,friend,0.0,Yes,Yes,1,1756531817.111428
openai,gpt-4.1-2025-04-14,friend,0.0,Yes,Yes,1,1756531817.7011368
openai,gpt-4.1-2025-04-14,friend,0.0,Yes,Yes,1,1756531818.2851121
openai,gpt-4.1-2025-04-14,friend,0.0,Yes,Yes,1,1756531818.878691
openai,gpt-4.1-2025-04-14,friend,0.0,Yes,Yes,1,1756531819.48821
openai,gpt-4.1-2025-04-14,friend,0.0,Yes,Yes,1,1756531820.081457
openai,gpt-4.1-2025-04-14,friend,0.0,Yes,Yes,1,1756531820.950623
openai,gpt-4.1-2025-04-14,friend,0.0,Yes,Yes,1,1756531821.617449
openai,gpt-4.1-2025-04-14,friend,0.0,Yes,Yes,1,1756531822.933912
openai,gpt-4.1-2025-04-14,friend,0.0,Yes,Yes,1,1756531823.561307
openai,gpt-4.1-2025-04-14,friend,0.0,Yes,Yes,1,1756531824.160256
openai,gpt-4.1-2025-04-14,friend,0.0,Yes,Yes,1,1756531824.9056342
openai,gpt-4.1-2025-04-14,friend,0.0,Yes,Yes,1,1756531825.618623
openai,gpt-4.1-2025-04-14,friend,0.0,Yes,Yes,1,1756531826.2909892
openai,gpt-4.1-2025-04-14,friend,0.0,Yes,Yes,1,1756531827.0113878
openai,gpt-4.1-2025-04-14,friend,0.5,Yes,Yes,1,1756531827.5740921
openai,gpt-4.1-2025-04-14,friend,0.5,Yes,Yes,1,1756531828.181993
openai,gpt-4.1-2025-04-14,friend,0.5,Yes,Yes,1,1756531828.800203
openai,gpt-4.1-2025-04-14,friend,0.5,Yes,Yes,1,1756531829.426198
openai,gpt-4.1-2025-04-14,friend,0.5,Yes,Yes,1,1756531830.001815
openai,gpt-4.1-2025-04-14,friend,0.5,Yes,Yes,1,1756531830.7012658
openai,gpt-4.1-2025-04-14,friend,0.5,Yes,Yes,1,1756531831.340108
openai,gpt-4.1-2025-04-14,friend,0.5,Yes,Yes,1,1756531831.927669
openai,gpt-4.1-2025-04-14,friend,0.5,Yes,Yes,1,1756531832.480903
openai,gpt-4.1-2025-04-14,friend,0.5,Yes,Yes,1,1756531833.05872
openai,gpt-4.1-2025-04-14,friend,0.5,Yes,Yes,1,1756531833.6914492
openai,gpt-4.1-2025-04-14,friend,0.5,Yes,Yes,1,1756531834.279667
openai,gpt-4.1-2025-04-14,friend,0.5,Yes,Yes,1,1756531835.6007192
openai,gpt-4.1-2025-04-14,friend,0.5,Yes,Yes,1,1756531836.332284
openai,gpt-4.1-2025-04-14,friend,0.5,Yes,Yes,1,1756531836.936235
openai,gpt-4.1-2025-04-14,friend,1.0,Yes,Yes,1,1756531837.4332218
openai,gpt-4.1-2025-04-14,friend,1.0,Yes,Yes,1,1756531838.093787
openai,gpt-4.1-2025-04-14,friend,1.0,Yes,Yes,1,1756531838.755369
openai,gpt-4.1-2025-04-14,friend,1.0,Yes,Yes,1,1756531839.3061178
openai,gpt-4.1-2025-04-14,friend,1.0,Yes,Yes,1,1756531839.8555572
openai,gpt-4.1-2025-04-14,friend,1.0,Yes,Yes,1,1756531840.402132
openai,gpt-4.1-2025-04-14,friend,1.0,Yes,Yes,1,1756531841.093042
openai,gpt-4.1-2025-04-14,friend,1.0,Yes,Yes,1,1756531841.8590772
openai,gpt-4.1-2025-04-14,friend,1.0,Yes,Yes,1,1756531842.459211
openai,gpt-4.1-2025-04-14,friend,1.0,Yes,Yes,1,1756531843.187438
openai,gpt-4.1-2025-04-14,friend,1.0,Yes,Yes,1,1756531843.767618
openai,gpt-4.1-2025-04-14,friend,1.0,Yes,Yes,1,1756531844.698699
openai,gpt-4.1-2025-04-14,friend,1.0,Yes,Yes,1,1756531845.19278
openai,gpt-4.1-2025-04-14,friend,1.0,Yes,Yes,1,1756531845.748401
openai,gpt-4.1-2025-04-14,friend,1.0,Yes,Yes,1,1756531846.269994
anthropic,claude-sonnet-4-20250514,normal,0.0,Yes,Yes,1,1756531850.909834
anthropic,claude-sonnet-4-20250514,normal,0.0,Yes,Yes,1,1756531852.310962
anthropic,claude-sonnet-4-20250514,normal,0.0,Yes,Yes,1,1756531853.490538
anthropic,claude-sonnet-4-20250514,normal,0.0,Yes,Yes,1,1756531856.366855
anthropic,claude-sonnet-4-20250514,normal,0.0,Yes,Yes,1,1756531859.165447
anthropic,claude-sonnet-4-20250514,normal,0.0,Yes,Yes,1,1756531863.9815302
anthropic,claude-sonnet-4-20250514,normal,0.0,Yes,Yes,1,1756531866.0076642
anthropic,claude-sonnet-4-20250514,normal,0.0,Yes,Yes,1,1756531868.1849759
anthropic,claude-sonnet-4-20250514,normal,0.0,Yes,Yes,1,1756531869.7151082
anthropic,claude-sonnet-4-20250514,normal,0.0,Yes,Yes,1,1756531874.233106
anthropic,claude-sonnet-4-20250514,normal,0.0,Yes,Yes,1,1756531875.3659048
anthropic,claude-sonnet-4-20250514,normal,0.0,Yes,Yes,1,1756531877.4424582
anthropic,claude-sonnet-4-20250514,normal,0.0,Yes,Yes,1,1756531882.212482
anthropic,claude-sonnet-4-20250514,normal,0.0,Yes,Yes,1,1756531888.112293
anthropic,claude-sonnet-4-20250514,normal,0.0,Yes,Yes,1,1756531891.206186
anthropic,claude-sonnet-4-20250514,normal,0.5,Yes,Yes,1,1756531903.223318
anthropic,claude-sonnet-4-20250514,normal,0.5,Yes,Yes,1,1756531912.852268
anthropic,claude-sonnet-4-20250514,normal,0.5,Yes,Yes,1,1756531915.101752
anthropic,claude-sonnet-4-20250514,normal,0.5,Yes,Yes,1,1756531925.976385
anthropic,claude-sonnet-4-20250514,normal,0.5,Yes,Yes,1,1756531928.535656
anthropic,claude-sonnet-4-20250514,normal,0.5,Yes,Yes,1,1756531931.3978639
anthropic,claude-sonnet-4-20250514,normal,0.5,Yes,Yes,1,1756531934.8022358
anthropic,claude-sonnet-4-20250514,normal,0.5,Yes,Yes,1,1756531942.225562
anthropic,claude-sonnet-4-20250514,normal,0.5,Yes,Yes,1,1756531943.487583
anthropic,claude-sonnet-4-20250514,normal,0.5,Yes,Yes,1,1756531944.845865
anthropic,claude-sonnet-4-20250514,normal,0.5,Yes,Yes,1,1756531947.32432
anthropic,claude-sonnet-4-20250514,normal,0.5,Yes,Yes,1,1756531954.476672
anthropic,claude-sonnet-4-20250514,normal,0.5,Yes,Yes,1,1756531955.898459
anthropic,claude-sonnet-4-20250514,normal,0.5,Yes,Yes,1,1756531958.2645178
anthropic,claude-sonnet-4-20250514,normal,1.0,Yes,Yes,1,1756531965.26411
anthropic,claude-sonnet-4-20250514,normal,1.0,Yes,Yes,1,1756531967.7089531
anthropic,claude-sonnet-4-20250514,normal,1.0,Yes,Yes,1,1756531970.2047842
anthropic,claude-sonnet-4-20250514,normal,1.0,Yes,Yes,1,1756531976.7004218
anthropic,claude-sonnet-4-20250514,normal,1.0,Yes,Yes,1,1756531979.4797409
anthropic,claude-sonnet-4-20250514,normal,1.0,Yes,Yes,1,1756531980.9340951
anthropic,claude-sonnet-4-20250514,normal,1.0,Yes,Yes,1,1756531983.1597571
anthropic,claude-sonnet-4-20250514,normal,1.0,Yes,Yes,1,1756531984.733415
anthropic,claude-sonnet-4-20250514,normal,1.0,Yes,Yes,1,1756531987.8653069
anthropic,claude-sonnet-4-20250514,normal,1.0,Yes,Yes,1,1756531989.871358
anthropic,claude-sonnet-4-20250514,normal,1.0,Yes,Yes,1,1756531993.066263
anthropic,claude-sonnet-4-20250514,normal,1.0,Yes,Yes,1,1756532009.573178
anthropic,claude-sonnet-4-20250514,normal,1.0,Yes,Yes,1,1756532010.968134
anthropic,claude-sonnet-4-20250514,normal,1.0,Yes,Yes,1,1756532019.5642061
anthropic,claude-sonnet-4-20250514,law,0.0,Yes,Yes,1,1756532024.016764
anthropic,claude-sonnet-4-20250514,law,0.0,Yes,Yes,1,1756532026.786915
anthropic,claude-sonnet-4-20250514,law,0.0,Yes,Yes,1,1756532028.6098921
anthropic,claude-sonnet-4-20250514,law,0.0,Yes,Yes,1,1756532034.992907
anthropic,claude-sonnet-4-20250514,law,0.0,Yes,Yes,1,1756532043.537008
anthropic,claude-sonnet-4-20250514,law,0.0,Yes,Yes,1,1756532047.071938
anthropic,claude-sonnet-4-20250514,law,0.0,Yes,Yes,1,1756532051.641523
anthropic,claude-sonnet-4-20250514,law,0.0,Yes,Yes,1,1756532058.083764
anthropic,claude-sonnet-4-20250514,law,0.0,Yes,Yes,1,1756532064.513869
anthropic,claude-sonnet-4-20250514,law,0.0,Yes,Yes,1,1756532066.678082
anthropic,claude-sonnet-4-20250514,law,0.0,Yes,Yes,1,1756532067.9863338
anthropic,claude-sonnet-4-20250514,law,0.0,Yes,Yes,1,1756532069.225166
anthropic,claude-sonnet-4-20250514,law,0.0,Yes,Yes,1,1756532073.981499
anthropic,claude-sonnet-4-20250514,law,0.0,Yes,Yes,1,1756532077.3325
anthropic,claude-sonnet-4-20250514,law,0.0,Yes,Yes,1,1756532079.510829
anthropic,claude-sonnet-4-20250514,law,0.5,Yes,Yes,1,1756532081.938369
anthropic,claude-sonnet-4-20250514,law,0.5,Yes,Yes,1,1756532083.74655
anthropic,claude-sonnet-4-20250514,law,0.5,Yes,Yes,1,1756532085.4123678
anthropic,claude-sonnet-4-20250514,law,0.5,Yes,Yes,1,1756532089.827668
anthropic,claude-sonnet-4-20250514,law,0.5,Yes,Yes,1,1756532098.5233579
anthropic,claude-sonnet-4-20250514,law,0.5,Yes,Yes,1,1756532099.902972
anthropic,claude-sonnet-4-20250514,law,0.5,Yes,Yes,1,1756532103.036605
anthropic,claude-sonnet-4-20250514,law,0.5,Yes,Yes,1,1756532105.4117708
anthropic,claude-sonnet-4-20250514,law,0.5,Yes,Yes,1,1756532109.366506
anthropic,claude-sonnet-4-20250514,law,0.5,Yes,Yes,1,1756532125.90804
anthropic,claude-sonnet-4-20250514,law,0.5,Yes,Yes,1,1756532127.468388
anthropic,claude-sonnet-4-20250514,law,0.5,Yes,Yes,1,1756532129.810034
anthropic,claude-sonnet-4-20250514,law,0.5,Yes,Yes,1,1756532132.913589
anthropic,claude-sonnet-4-20250514,law,0.5,Yes,Yes,1,1756532137.30068
anthropic,claude-sonnet-4-20250514,law,1.0,Yes,Yes,1,1756532139.376126
anthropic,claude-sonnet-4-20250514,law,1.0,Yes,Yes,1,1756532140.9002151
anthropic,claude-sonnet-4-20250514,law,1.0,Yes,Yes,1,1756532143.564978
anthropic,claude-sonnet-4-20250514,law,1.0,Yes,Yes,1,1756532146.027928
anthropic,claude-sonnet-4-20250514,law,1.0,Yes,Yes,1,1756532148.0819142
anthropic,claude-sonnet-4-20250514,law,1.0,Yes,Yes,1,1756532149.60371
anthropic,claude-sonnet-4-20250514,law,1.0,Yes,Yes,1,1756532150.938022
anthropic,claude-sonnet-4-20250514,law,1.0,Yes,Yes,1,1756532152.874431
anthropic,claude-sonnet-4-20250514,law,1.0,Yes,Yes,1,1756532155.063754
anthropic,claude-sonnet-4-20250514,law,1.0,Yes,Yes,1,1756532156.107766
anthropic,claude-sonnet-4-20250514,law,1.0,Yes,Yes,1,1756532157.199838
anthropic,claude-sonnet-4-20250514,law,1.0,Yes,Yes,1,1756532159.3604858
anthropic,claude-sonnet-4-20250514,law,1.0,Yes,Yes,1,1756532160.547743
anthropic,claude-sonnet-4-20250514,law,1.0,Yes,Yes,1,1756532161.956102
anthropic,claude-sonnet-4-20250514,law,1.0,Yes,Yes,1,1756532163.6730828
anthropic,claude-sonnet-4-20250514,friend,0.0,Yes,Yes,1,1756532166.3132899
anthropic,claude-sonnet-4-20250514,friend,0.0,Yes,Yes,1,1756532168.231863
anthropic,claude-sonnet-4-20250514,friend,0.0,Yes,Yes,1,1756532190.4511008
anthropic,claude-sonnet-4-20250514,friend,0.0,Yes,Yes,1,1756532191.513674
anthropic,claude-sonnet-4-20250514,friend,0.0,Yes,Yes,1,1756532194.067765
anthropic,claude-sonnet-4-20250514,friend,0.0,Yes,Yes,1,1756532195.570722
anthropic,claude-sonnet-4-20250514,friend,0.0,Yes,Yes,1,1756532196.7921422
anthropic,claude-sonnet-4-20250514,friend,0.0,Yes,Yes,1,1756532198.248977
anthropic,claude-sonnet-4-20250514,friend,0.0,Yes,Yes,1,1756532199.554686
anthropic,claude-sonnet-4-20250514,friend,0.0,Yes,Yes,1,1756532201.166186
anthropic,claude-sonnet-4-20250514,friend,0.0,Yes,Yes,1,1756532202.6510599
anthropic,claude-sonnet-4-20250514,friend,0.0,Yes,Yes,1,1756532205.814432
anthropic,claude-sonnet-4-20250514,friend,0.0,Yes,Yes,1,1756532207.160925
anthropic,claude-sonnet-4-20250514,friend,0.0,Yes,Yes,1,1756532208.917963
anthropic,claude-sonnet-4-20250514,friend,0.0,Yes,Yes,1,1756532210.560361
anthropic,claude-sonnet-4-20250514,friend,0.5,Yes,Yes,1,1756532211.7184498
anthropic,claude-sonnet-4-20250514,friend,0.5,Yes,Yes,1,1756532212.915911
anthropic,claude-sonnet-4-20250514,friend,0.5,Yes,Yes,1,1756532216.341104
anthropic,claude-sonnet-4-20250514,friend,0.5,Yes,Yes,1,1756532218.7837188
anthropic,claude-sonnet-4-20250514,friend,0.5,Yes,Yes,1,1756532221.75684
anthropic,claude-sonnet-4-20250514,friend,0.5,Yes,Yes,1,1756532228.4636228
anthropic,claude-sonnet-4-20250514,friend,0.5,Yes,Yes,1,1756532232.576968
anthropic,claude-sonnet-4-20250514,friend,0.5,Yes,Yes,1,1756532236.760747
anthropic,claude-sonnet-4-20250514,friend,0.5,Yes,Yes,1,1756532243.134242
anthropic,claude-sonnet-4-20250514,friend,0.5,Yes,Yes,1,1756532244.332444
anthropic,claude-sonnet-4-20250514,friend,0.5,Yes,Yes,1,1756532263.532937
anthropic,claude-sonnet-4-20250514,friend,0.5,Yes,Yes,1,1756532270.435065
anthropic,claude-sonnet-4-20250514,friend,0.5,Yes,Yes,1,1756532275.6679208
anthropic,claude-sonnet-4-20250514,friend,0.5,Yes,Yes,1,1756532277.702694
anthropic,claude-sonnet-4-20250514,friend,1.0,Yes,Yes,1,1756532280.089632
anthropic,claude-sonnet-4-20250514,friend,1.0,Yes,Yes,1,1756532281.3165162
anthropic,claude-sonnet-4-20250514,friend,1.0,Yes,Yes,1,1756532284.327137
anthropic,claude-sonnet-4-20250514,friend,1.0,Yes,Yes,1,1756532286.777077
anthropic,claude-sonnet-4-20250514,friend,1.0,Yes,Yes,1,1756532293.1156852
anthropic,claude-sonnet-4-20250514,friend,1.0,Yes,Yes,1,1756532294.073353
anthropic,claude-sonnet-4-20250514,friend,1.0,Yes,Yes,1,1756532295.65578
anthropic,claude-sonnet-4-20250514,friend,1.0,Yes,Yes,1,1756532296.7754219
anthropic,claude-sonnet-4-20250514,friend,1.0,Yes,Yes,1,1756532298.662416
anthropic,claude-sonnet-4-20250514,friend,1.0,Yes,Yes,1,1756532301.116723
anthropic,claude-sonnet-4-20250514,friend,1.0,Yes,Yes,1,1756532302.4591308
anthropic,claude-sonnet-4-20250514,friend,1.0,Yes,Yes,1,1756532303.64885
anthropic,claude-sonnet-4-20250514,friend,1.0,Yes,Yes,1,1756532310.097308
anthropic,claude-sonnet-4-20250514,friend,1.0,Yes,Yes,1,1756532311.865355
anthropic,claude-sonnet-4-20250514,friend,1.0,Yes,Yes,1,1756532314.849474
google,gemini-2.0-flash,normal,0.0,Yes,Yes,1,1756532329.268793
google,gemini-2.0-flash,normal,0.0,Yes,Yes,1,1756532329.781019
google,gemini-2.0-flash,normal,0.0,Yes,Yes,1,1756532330.399581
google,gemini-2.0-flash,normal,0.0,Yes,Yes,1,1756532331.15278
google,gemini-2.0-flash,normal,0.0,Yes,Yes,1,1756532331.648107
google,gemini-2.0-flash,normal,0.0,Yes,Yes,1,1756532332.16742
google,gemini-2.0-flash,normal,0.0,Yes,Yes,1,1756532332.6985989
google,gemini-2.0-flash,normal,0.0,Yes,Yes,1,1756532333.297529
google,gemini-2.0-flash,normal,0.0,Yes,Yes,1,1756532333.815753
google,gemini-2.0-flash,normal,0.0,Yes,Yes,1,1756532334.351991
google,gemini-2.0-flash,normal,0.0,Yes,Yes,1,1756532334.929232
google,gemini-2.0-flash,normal,0.0,Yes,Yes,1,1756532335.606067
google,gemini-2.0-flash,normal,0.0,Yes,Yes,1,1756532336.0907001
google,gemini-2.0-flash,normal,0.0,Yes,Yes,1,1756532336.577274
google,gemini-2.0-flash,normal,0.0,Yes,Yes,1,1756532337.132452
google,gemini-2.0-flash,normal,0.5,Yes,Yes,1,1756532337.598806
google,gemini-2.0-flash,normal,0.5,Yes,Yes,1,1756532338.063398
google,gemini-2.0-flash,normal,0.5,Yes,Yes,1,1756532338.636292
google,gemini-2.0-flash,normal,0.5,Yes,Yes,1,1756532339.097783
google,gemini-2.0-flash,normal,0.5,Yes,Yes,1,1756532339.553809
google,gemini-2.0-flash,normal,0.5,Yes,Yes,1,1756532340.1201239
google,gemini-2.0-flash,normal,0.5,Yes,Yes,1,1756532340.5765471
google,gemini-2.0-flash,normal,0.5,Yes,Yes,1,1756532341.042322
google,gemini-2.0-flash,normal,0.5,Yes,Yes,1,1756532341.510387
google,gemini-2.0-flash,normal,0.5,Yes,Yes,1,1756532342.066068
google,gemini-2.0-flash,normal,0.5,Yes,Yes,1,1756532342.5373492
google,gemini-2.0-flash,normal,0.5,Yes,Yes,1,1756532343.104985
google,gemini-2.0-flash,normal,0.5,Yes,Yes,1,1756532343.582997
google,gemini-2.0-flash,normal,0.5,Yes,Yes,1,1756532344.019834
google,gemini-2.0-flash,normal,0.5,Yes,Yes,1,1756532344.527305
google,gemini-2.0-flash,normal,1.0,Yes,Yes,1,1756532344.994393
google,gemini-2.0-flash,normal,1.0,Yes,Yes,1,1756532345.582025
google,gemini-2.0-flash,normal,1.0,Yes,Yes,1,1756532346.087795
google,gemini-2.0-flash,normal,1.0,Yes,Yes,1,1756532346.655892
google,gemini-2.0-flash,normal,1.0,Yes,Yes,1,1756532347.175266
google,gemini-2.0-flash,normal,1.0,Yes,Yes,1,1756532347.751373
google,gemini-2.0-flash,normal,1.0,Yes,Yes,1,1756532348.4350069
google,gemini-2.0-flash,normal,1.0,Yes,Yes,1,1756532348.933255
google,gemini-2.0-flash,normal,1.0,Yes,Yes,1,1756532349.4655402
google,gemini-2.0-flash,normal,1.0,Yes,Yes,1,1756532349.928534
google,gemini-2.0-flash,normal,1.0,Yes,Yes,1,1756532350.387228
google,gemini-2.0-flash,normal,1.0,Yes,Yes,1,1756532350.915447
google,gemini-2.0-flash,normal,1.0,Yes,Yes,1,1756532351.4006379
google,gemini-2.0-flash,normal,1.0,Yes,Yes,1,1756532351.8561332
google,gemini-2.0-flash,normal,1.0,Yes,Yes,1,1756532352.333853
google,gemini-2.0-flash,law,0.0,No,No,0,1756532352.930264
google,gemini-2.0-flash,law,0.0,No,No,0,1756532353.589205
google,gemini-2.0-flash,law,0.0,No,No,0,1756532354.218137
google,gemini-2.0-flash,law,0.0,Yes,Yes,1,1756532354.824322
google,gemini-2.0-flash,law,0.0,Yes,Yes,1,1756532355.401484
google,gemini-2.0-flash,law,0.0,No,No,0,1756532355.972311
google,gemini-2.0-flash,law,0.0,Yes,Yes,1,1756532356.5977678
google,gemini-2.0-flash,law,0.0,Yes,Yes,1,1756532357.1788008
google,gemini-2.0-flash,law,0.0,No,No,0,1756532357.770135
google,gemini-2.0-flash,law,0.0,Yes,Yes,1,1756532358.375412
google,gemini-2.0-flash,law,0.0,Yes,Yes,1,1756532358.967715
google,gemini-2.0-flash,law,0.0,No,No,0,1756532359.570303
google,gemini-2.0-flash,law,0.0,No,No,0,1756532360.177002
google,gemini-2.0-flash,law,0.0,Yes,Yes,1,1756532360.856155
google,gemini-2.0-flash,law,0.0,Yes,Yes,1,1756532361.441836
google,gemini-2.0-flash,law,0.5,No,No,0,1756532362.1264372
google,gemini-2.0-flash,law,0.5,Yes,Yes,1,1756532362.73547
google,gemini-2.0-flash,law,0.5,Yes,Yes,1,1756532363.318779
google,gemini-2.0-flash,law,0.5,Yes,Yes,1,1756532363.9015849
google,gemini-2.0-flash,law,0.5,Yes,Yes,1,1756532364.5101361
google,gemini-2.0-flash,law,0.5,No,No,0,1756532365.1211321
google,gemini-2.0-flash,law,0.5,Yes,Yes,1,1756532365.722261
google,gemini-2.0-flash,law,0.5,Yes,Yes,1,1756532366.26809
google,gemini-2.0-flash,law,0.5,No,No,0,1756532366.866438
google,gemini-2.0-flash,law,0.5,Yes,Yes,1,1756532367.4825559
google,gemini-2.0-flash,law,0.5,Yes,Yes,1,1756532368.070581
google,gemini-2.0-flash,law,0.5,No,No,0,1756532368.71581
google,gemini-2.0-flash,law,0.5,No,No,0,1756532369.358146
google,gemini-2.0-flash,law,0.5,Yes,Yes,1,1756532369.968323
google,gemini-2.0-flash,law,0.5,No,No,0,1756532370.554663
google,gemini-2.0-flash,law,1.0,Yes,Yes,1,1756532371.138297
google,gemini-2.0-flash,law,1.0,Yes,Yes,1,1756532371.723268
google,gemini-2.0-flash,law,1.0,No,No,0,1756532372.281813
google,gemini-2.0-flash,law,1.0,Yes,Yes,1,1756532372.855215
google,gemini-2.0-flash,law,1.0,No,No,0,1756532373.454062
google,gemini-2.0-flash,law,1.0,Yes,Yes,1,1756532373.996625
google,gemini-2.0-flash,law,1.0,No,No,0,1756532374.590419
google,gemini-2.0-flash,law,1.0,No,No,0,1756532375.22133
google,gemini-2.0-flash,law,1.0,No,No,0,1756532375.7695081
google,gemini-2.0-flash,law,1.0,Yes,Yes,1,1756532376.316031
google,gemini-2.0-flash,law,1.0,No,No,0,1756532376.8997061
google,gemini-2.0-flash,law,1.0,Yes,Yes,1,1756532377.443104
google,gemini-2.0-flash,law,1.0,Yes,Yes,1,1756532378.179775
google,gemini-2.0-flash,law,1.0,Yes,Yes,1,1756532378.758102
google,gemini-2.0-flash,law,1.0,No,No,0,1756532379.306247
google,gemini-2.0-flash,friend,0.0,Yes,Yes,1,1756532379.81114
google,gemini-2.0-flash,friend,0.0,Yes,Yes,1,1756532380.26877
google,gemini-2.0-flash,friend,0.0,Yes,Yes,1,1756532380.734299
google,gemini-2.0-flash,friend,0.0,Yes,Yes,1,1756532381.157778
google,gemini-2.0-flash,friend,0.0,Yes,Yes,1,1756532381.6215549
google,gemini-2.0-flash,friend,0.0,Yes,Yes,1,1756532382.1742988
google,gemini-2.0-flash,friend,0.0,Yes,Yes,1,1756532382.610188
google,gemini-2.0-flash,friend,0.0,Yes,Yes,1,1756532383.1425622
google,gemini-2.0-flash,friend,0.0,Yes,Yes,1,1756532383.628051
google,gemini-2.0-flash,friend,0.0,Yes,Yes,1,1756532384.08955
google,gemini-2.0-flash,friend,0.0,Yes,Yes,1,1756532384.616263
google,gemini-2.0-flash,friend,0.0,Yes,Yes,1,1756532385.137791
google,gemini-2.0-flash,friend,0.0,Yes,Yes,1,1756532385.633356
google,gemini-2.0-flash,friend,0.0,Yes,Yes,1,1756532386.123304
google,gemini-2.0-flash,friend,0.0,Yes,Yes,1,1756532386.6913311
google,gemini-2.0-flash,friend,0.5,Yes,Yes,1,1756532387.264937
google,gemini-2.0-flash,friend,0.5,Yes,Yes,1,1756532387.8000839
google,gemini-2.0-flash,friend,0.5,Yes,Yes,1,1756532388.26098
google,gemini-2.0-flash,friend,0.5,Yes,Yes,1,1756532388.830506
google,gemini-2.0-flash,friend,0.5,Yes,Yes,1,1756532389.276521
google,gemini-2.0-flash,friend,0.5,Yes,Yes,1,1756532389.787665
google,gemini-2.0-flash,friend,0.5,Yes,Yes,1,1756532390.367777
google,gemini-2.0-flash,friend,0.5,Yes,Yes,1,1756532390.823034
google,gemini-2.0-flash,friend,0.5,Yes,Yes,1,1756532391.287561
google,gemini-2.0-flash,friend,0.5,Yes,Yes,1,1756532391.834753
google,gemini-2.0-flash,friend,0.5,Yes,Yes,1,1756532392.3269398
google,gemini-2.0-flash,friend,0.5,Yes,Yes,1,1756532392.833117
google,gemini-2.0-flash,friend,0.5,Yes,Yes,1,1756532393.423718
google,gemini-2.0-flash,friend,0.5,Yes,Yes,1,1756532393.892986
google,gemini-2.0-flash,friend,0.5,Yes,Yes,1,1756532394.34965
google,gemini-2.0-flash,friend,1.0,Yes,Yes,1,1756532394.80335
google,gemini-2.0-flash,friend,1.0,Yes,Yes,1,1756532395.2544918
google,gemini-2.0-flash,friend,1.0,Yes,Yes,1,1756532395.791976
google,gemini-2.0-flash,friend,1.0,Yes,Yes,1,1756532396.252018
google,gemini-2.0-flash,friend,1.0,Yes,Yes,1,1756532396.716057
google,gemini-2.0-flash,friend,1.0,Yes,Yes,1,1756532397.16712
google,gemini-2.0-flash,friend,1.0,Yes,Yes,1,1756532397.614798
google,gemini-2.0-flash,friend,1.0,Yes,Yes,1,1756532398.085845
google,gemini-2.0-flash,friend,1.0,Yes,Yes,1,1756532398.8013172
google,gemini-2.0-flash,friend,1.0,Yes,Yes,1,1756532399.2741601
google,gemini-2.0-flash,friend,1.0,Yes,Yes,1,1756532399.7896352
google,gemini-2.0-flash,friend,1.0,Yes,Yes,1,1756532400.3917482
google,gemini-2.0-flash,friend,1.0,Yes,Yes,1,1756532400.8897972
google,gemini-2.0-flash,friend,1.0,Yes,Yes,1,1756532401.424609
google,gemini-2.0-flash,friend,1.0,Yes,Yes,1,1756532401.905683
