question_index,question,question_label,subset,set,statute,provider,model,prompt_variation,temperature,trial_idx,raw_text,extracted_answer,is_yes,api_status,response_time,timestamp
7,Is a bicycle a vehicle?,Is a bicycle a vehicle?,bicycle,vehicle,No vehicles in the park.,openai,gpt-3.5-turbo-0125,normal,0.0,0,Yes,Yes,1,success,0.7143909931182861,2025-08-26T12:54:37.129983+00:00
7,Is a bicycle a vehicle?,Is a bicycle a vehicle?,bicycle,vehicle,No vehicles in the park.,openai,gpt-3.5-turbo-0125,normal,0.0,1,Yes,Yes,1,success,0.6116580963134766,2025-08-26T12:54:37.844433+00:00
7,Is a bicycle a vehicle?,Is a bicycle a vehicle?,bicycle,vehicle,No vehicles in the park.,openai,gpt-3.5-turbo-0125,normal,0.0,2,Yes,Yes,1,success,0.7501351833343506,2025-08-26T12:54:38.697770+00:00
7,Is a bicycle a vehicle?,Is a bicycle a vehicle?,bicycle,vehicle,No vehicles in the park.,openai,gpt-3.5-turbo-0125,normal,0.0,3,Yes,Yes,1,success,0.5820779800415039,2025-08-26T12:54:39.382808+00:00
7,Is a bicycle a vehicle?,Is a bicycle a vehicle?,bicycle,vehicle,No vehicles in the park.,openai,gpt-3.5-turbo-0125,normal,0.0,4,Yes,Yes,1,success,0.7158713340759277,2025-08-26T12:54:40.201754+00:00
7,Is a bicycle a vehicle?,Is a bicycle a vehicle?,bicycle,vehicle,No vehicles in the park.,openai,gpt-3.5-turbo-0125,normal,0.0,5,Yes,Yes,1,success,0.5097720623016357,2025-08-26T12:54:40.814492+00:00
7,Is a bicycle a vehicle?,Is a bicycle a vehicle?,bicycle,vehicle,No vehicles in the park.,openai,gpt-3.5-turbo-0125,normal,0.0,6,Yes,Yes,1,success,1.2317051887512207,2025-08-26T12:54:42.147319+00:00
7,Is a bicycle a vehicle?,Is a bicycle a vehicle?,bicycle,vehicle,No vehicles in the park.,openai,gpt-3.5-turbo-0125,normal,0.0,7,Yes,Yes,1,success,0.513422966003418,2025-08-26T12:54:42.762394+00:00
7,Is a bicycle a vehicle?,Is a bicycle a vehicle?,bicycle,vehicle,No vehicles in the park.,openai,gpt-3.5-turbo-0125,normal,0.0,8,Yes,Yes,1,success,0.4071650505065918,2025-08-26T12:54:43.272542+00:00
7,Is a bicycle a vehicle?,Is a bicycle a vehicle?,bicycle,vehicle,No vehicles in the park.,openai,gpt-3.5-turbo-0125,normal,0.0,9,Yes,Yes,1,success,0.512333869934082,2025-08-26T12:54:43.887706+00:00
7,Is a bicycle a vehicle?,Is a bicycle a vehicle?,bicycle,vehicle,No vehicles in the park.,openai,gpt-3.5-turbo-0125,normal,0.0,10,Yes,Yes,1,success,1.126493215560913,2025-08-26T12:54:45.117121+00:00
7,Is a bicycle a vehicle?,Is a bicycle a vehicle?,bicycle,vehicle,No vehicles in the park.,openai,gpt-3.5-turbo-0125,normal,0.0,11,Yes,Yes,1,success,0.6382989883422852,2025-08-26T12:54:45.858264+00:00
7,Is a bicycle a vehicle?,Is a bicycle a vehicle?,bicycle,vehicle,No vehicles in the park.,openai,gpt-3.5-turbo-0125,normal,0.0,12,Yes,Yes,1,success,0.9983260631561279,2025-08-26T12:54:46.959154+00:00
7,Is a bicycle a vehicle?,Is a bicycle a vehicle?,bicycle,vehicle,No vehicles in the park.,openai,gpt-3.5-turbo-0125,normal,0.0,13,Yes,Yes,1,success,0.5485460758209229,2025-08-26T12:54:47.610440+00:00
7,Is a bicycle a vehicle?,Is a bicycle a vehicle?,bicycle,vehicle,No vehicles in the park.,openai,gpt-3.5-turbo-0125,normal,0.0,14,Yes,Yes,1,success,0.5772490501403809,2025-08-26T12:54:48.290220+00:00
7,Is a bicycle a vehicle?,Is a bicycle a vehicle?,bicycle,vehicle,No vehicles in the park.,openai,gpt-3.5-turbo-1106,normal,0.0,0,Yes,Yes,1,success,0.5115220546722412,2025-08-26T12:54:48.904335+00:00
7,Is a bicycle a vehicle?,Is a bicycle a vehicle?,bicycle,vehicle,No vehicles in the park.,openai,gpt-3.5-turbo-1106,normal,0.0,1,Yes,Yes,1,success,1.022730827331543,2025-08-26T12:54:50.029949+00:00
7,Is a bicycle a vehicle?,Is a bicycle a vehicle?,bicycle,vehicle,No vehicles in the park.,openai,gpt-3.5-turbo-1106,normal,0.0,2,Yes,Yes,1,success,0.8212308883666992,2025-08-26T12:54:50.952819+00:00
7,Is a bicycle a vehicle?,Is a bicycle a vehicle?,bicycle,vehicle,No vehicles in the park.,openai,gpt-3.5-turbo-1106,normal,0.0,3,Yes,Yes,1,success,1.2272679805755615,2025-08-26T12:54:52.283004+00:00
7,Is a bicycle a vehicle?,Is a bicycle a vehicle?,bicycle,vehicle,No vehicles in the park.,openai,gpt-3.5-turbo-1106,normal,0.0,4,Yes,Yes,1,success,1.076167106628418,2025-08-26T12:54:53.462154+00:00
7,Is a bicycle a vehicle?,Is a bicycle a vehicle?,bicycle,vehicle,No vehicles in the park.,openai,gpt-3.5-turbo-1106,normal,0.0,5,Yes,Yes,1,success,1.006920337677002,2025-08-26T12:54:54.572573+00:00
7,Is a bicycle a vehicle?,Is a bicycle a vehicle?,bicycle,vehicle,No vehicles in the park.,openai,gpt-3.5-turbo-1106,normal,0.0,6,Yes,Yes,1,success,1.704474925994873,2025-08-26T12:54:56.379949+00:00
7,Is a bicycle a vehicle?,Is a bicycle a vehicle?,bicycle,vehicle,No vehicles in the park.,openai,gpt-3.5-turbo-1106,normal,0.0,7,Yes,Yes,1,success,0.32230186462402344,2025-08-26T12:54:56.805228+00:00
7,Is a bicycle a vehicle?,Is a bicycle a vehicle?,bicycle,vehicle,No vehicles in the park.,openai,gpt-3.5-turbo-1106,normal,0.0,8,Yes,Yes,1,success,1.1115336418151855,2025-08-26T12:54:58.019645+00:00
7,Is a bicycle a vehicle?,Is a bicycle a vehicle?,bicycle,vehicle,No vehicles in the park.,openai,gpt-3.5-turbo-1106,normal,0.0,9,Yes,Yes,1,success,0.7145230770111084,2025-08-26T12:54:58.837159+00:00
7,Is a bicycle a vehicle?,Is a bicycle a vehicle?,bicycle,vehicle,No vehicles in the park.,openai,gpt-3.5-turbo-1106,normal,0.0,10,Yes,Yes,1,success,0.5116002559661865,2025-08-26T12:54:59.451715+00:00
7,Is a bicycle a vehicle?,Is a bicycle a vehicle?,bicycle,vehicle,No vehicles in the park.,openai,gpt-3.5-turbo-1106,normal,0.0,11,Yes,Yes,1,success,0.5150101184844971,2025-08-26T12:55:00.068294+00:00
7,Is a bicycle a vehicle?,Is a bicycle a vehicle?,bicycle,vehicle,No vehicles in the park.,openai,gpt-3.5-turbo-1106,normal,0.0,12,Yes,Yes,1,success,0.6117911338806152,2025-08-26T12:55:00.783112+00:00
7,Is a bicycle a vehicle?,Is a bicycle a vehicle?,bicycle,vehicle,No vehicles in the park.,openai,gpt-3.5-turbo-1106,normal,0.0,13,Yes,Yes,1,success,0.5113329887390137,2025-08-26T12:55:01.397460+00:00
7,Is a bicycle a vehicle?,Is a bicycle a vehicle?,bicycle,vehicle,No vehicles in the park.,openai,gpt-3.5-turbo-1106,normal,0.0,14,Yes,Yes,1,success,0.5119991302490234,2025-08-26T12:55:02.012566+00:00
7,Is a bicycle a vehicle?,Is a bicycle a vehicle?,bicycle,vehicle,No vehicles in the park.,openai,gpt-3.5-turbo-instruct,normal,0.0,0,"Yes,",Yes,1,success,0.7497799396514893,2025-08-26T12:55:02.865316+00:00
7,Is a bicycle a vehicle?,Is a bicycle a vehicle?,bicycle,vehicle,No vehicles in the park.,openai,gpt-3.5-turbo-instruct,normal,0.0,1,"Yes,",Yes,1,success,0.37363409996032715,2025-08-26T12:55:03.341854+00:00
7,Is a bicycle a vehicle?,Is a bicycle a vehicle?,bicycle,vehicle,No vehicles in the park.,openai,gpt-3.5-turbo-instruct,normal,0.0,2,"Yes,",Yes,1,success,0.6163070201873779,2025-08-26T12:55:04.059836+00:00
7,Is a bicycle a vehicle?,Is a bicycle a vehicle?,bicycle,vehicle,No vehicles in the park.,openai,gpt-3.5-turbo-instruct,normal,0.0,3,"Yes,",Yes,1,success,0.41163015365600586,2025-08-26T12:55:04.574440+00:00
7,Is a bicycle a vehicle?,Is a bicycle a vehicle?,bicycle,vehicle,No vehicles in the park.,openai,gpt-3.5-turbo-instruct,normal,0.0,4,"Yes,",Yes,1,success,1.01993989944458,2025-08-26T12:55:05.697392+00:00
7,Is a bicycle a vehicle?,Is a bicycle a vehicle?,bicycle,vehicle,No vehicles in the park.,openai,gpt-3.5-turbo-instruct,normal,0.0,5,"Yes,",Yes,1,success,0.7058188915252686,2025-08-26T12:55:06.506137+00:00
7,Is a bicycle a vehicle?,Is a bicycle a vehicle?,bicycle,vehicle,No vehicles in the park.,openai,gpt-3.5-turbo-instruct,normal,0.0,6,"Yes,",Yes,1,success,0.31668591499328613,2025-08-26T12:55:06.925788+00:00
7,Is a bicycle a vehicle?,Is a bicycle a vehicle?,bicycle,vehicle,No vehicles in the park.,openai,gpt-3.5-turbo-instruct,normal,0.0,7,"Yes,",Yes,1,success,1.847276210784912,2025-08-26T12:55:08.874684+00:00
7,Is a bicycle a vehicle?,Is a bicycle a vehicle?,bicycle,vehicle,No vehicles in the park.,openai,gpt-3.5-turbo-instruct,normal,0.0,8,"Yes,",Yes,1,success,0.7153480052947998,2025-08-26T12:55:09.693011+00:00
7,Is a bicycle a vehicle?,Is a bicycle a vehicle?,bicycle,vehicle,No vehicles in the park.,openai,gpt-3.5-turbo-instruct,normal,0.0,9,"Yes,",Yes,1,success,1.0259180068969727,2025-08-26T12:55:10.820454+00:00
7,Is a bicycle a vehicle?,Is a bicycle a vehicle?,bicycle,vehicle,No vehicles in the park.,openai,gpt-3.5-turbo-instruct,normal,0.0,10,"Yes,",Yes,1,success,0.6645450592041016,2025-08-26T12:55:11.587925+00:00
7,Is a bicycle a vehicle?,Is a bicycle a vehicle?,bicycle,vehicle,No vehicles in the park.,openai,gpt-3.5-turbo-instruct,normal,0.0,11,"Yes,",Yes,1,success,0.8050951957702637,2025-08-26T12:55:12.496031+00:00
7,Is a bicycle a vehicle?,Is a bicycle a vehicle?,bicycle,vehicle,No vehicles in the park.,openai,gpt-3.5-turbo-instruct,normal,0.0,12,"Yes,",Yes,1,success,0.8843321800231934,2025-08-26T12:55:13.483234+00:00
7,Is a bicycle a vehicle?,Is a bicycle a vehicle?,bicycle,vehicle,No vehicles in the park.,openai,gpt-3.5-turbo-instruct,normal,0.0,13,"Yes,",Yes,1,success,0.6094410419464111,2025-08-26T12:55:14.195565+00:00
7,Is a bicycle a vehicle?,Is a bicycle a vehicle?,bicycle,vehicle,No vehicles in the park.,openai,gpt-3.5-turbo-instruct,normal,0.0,14,"Yes,",Yes,1,success,0.6232929229736328,2025-08-26T12:55:14.921865+00:00
7,Is a bicycle a vehicle?,Is a bicycle a vehicle?,bicycle,vehicle,No vehicles in the park.,openai,gpt-4-turbo-2024-04-09,normal,0.0,0,Yes,Yes,1,success,1.221829891204834,2025-08-26T12:55:16.246587+00:00
7,Is a bicycle a vehicle?,Is a bicycle a vehicle?,bicycle,vehicle,No vehicles in the park.,openai,gpt-4-turbo-2024-04-09,normal,0.0,1,Yes,Yes,1,success,0.5117690563201904,2025-08-26T12:55:16.861320+00:00
7,Is a bicycle a vehicle?,Is a bicycle a vehicle?,bicycle,vehicle,No vehicles in the park.,openai,gpt-4-turbo-2024-04-09,normal,0.0,2,Yes,Yes,1,success,0.819415807723999,2025-08-26T12:55:17.783728+00:00
7,Is a bicycle a vehicle?,Is a bicycle a vehicle?,bicycle,vehicle,No vehicles in the park.,openai,gpt-4-turbo-2024-04-09,normal,0.0,3,Yes,Yes,1,success,1.0588488578796387,2025-08-26T12:55:18.944968+00:00
7,Is a bicycle a vehicle?,Is a bicycle a vehicle?,bicycle,vehicle,No vehicles in the park.,openai,gpt-4-turbo-2024-04-09,normal,0.0,4,Yes,Yes,1,success,1.0888819694519043,2025-08-26T12:55:20.136837+00:00
7,Is a bicycle a vehicle?,Is a bicycle a vehicle?,bicycle,vehicle,No vehicles in the park.,openai,gpt-4-turbo-2024-04-09,normal,0.0,5,Yes,Yes,1,success,1.3306779861450195,2025-08-26T12:55:21.570473+00:00
7,Is a bicycle a vehicle?,Is a bicycle a vehicle?,bicycle,vehicle,No vehicles in the park.,openai,gpt-4-turbo-2024-04-09,normal,0.0,6,Yes,Yes,1,success,0.5112199783325195,2025-08-26T12:55:22.184703+00:00
7,Is a bicycle a vehicle?,Is a bicycle a vehicle?,bicycle,vehicle,No vehicles in the park.,openai,gpt-4-turbo-2024-04-09,normal,0.0,7,Yes,Yes,1,success,0.5129508972167969,2025-08-26T12:55:22.800619+00:00
7,Is a bicycle a vehicle?,Is a bicycle a vehicle?,bicycle,vehicle,No vehicles in the park.,openai,gpt-4-turbo-2024-04-09,normal,0.0,8,Yes,Yes,1,success,1.0237979888916016,2025-08-26T12:55:23.927323+00:00
7,Is a bicycle a vehicle?,Is a bicycle a vehicle?,bicycle,vehicle,No vehicles in the park.,openai,gpt-4-turbo-2024-04-09,normal,0.0,9,Yes,Yes,1,success,0.9489181041717529,2025-08-26T12:55:24.979227+00:00
7,Is a bicycle a vehicle?,Is a bicycle a vehicle?,bicycle,vehicle,No vehicles in the park.,openai,gpt-4-turbo-2024-04-09,normal,0.0,10,Yes,Yes,1,success,2.121206045150757,2025-08-26T12:55:27.203342+00:00
7,Is a bicycle a vehicle?,Is a bicycle a vehicle?,bicycle,vehicle,No vehicles in the park.,openai,gpt-4-turbo-2024-04-09,normal,0.0,11,Yes,Yes,1,success,0.7191941738128662,2025-08-26T12:55:28.023695+00:00
7,Is a bicycle a vehicle?,Is a bicycle a vehicle?,bicycle,vehicle,No vehicles in the park.,openai,gpt-4-turbo-2024-04-09,normal,0.0,12,Yes,Yes,1,success,0.8184709548950195,2025-08-26T12:55:28.944350+00:00
7,Is a bicycle a vehicle?,Is a bicycle a vehicle?,bicycle,vehicle,No vehicles in the park.,openai,gpt-4-turbo-2024-04-09,normal,0.0,13,Yes,Yes,1,success,1.4312891960144043,2025-08-26T12:55:30.478621+00:00
7,Is a bicycle a vehicle?,Is a bicycle a vehicle?,bicycle,vehicle,No vehicles in the park.,openai,gpt-4-turbo-2024-04-09,normal,0.0,14,Yes,Yes,1,success,0.7964518070220947,2025-08-26T12:55:31.378041+00:00
7,Is a bicycle a vehicle?,Is a bicycle a vehicle?,bicycle,vehicle,No vehicles in the park.,openai,gpt-4-0125-preview,normal,0.0,0,Yes,Yes,1,success,1.01163911819458,2025-08-26T12:55:32.492678+00:00
7,Is a bicycle a vehicle?,Is a bicycle a vehicle?,bicycle,vehicle,No vehicles in the park.,openai,gpt-4-0125-preview,normal,0.0,1,Yes,Yes,1,success,0.853626012802124,2025-08-26T12:55:33.449214+00:00
7,Is a bicycle a vehicle?,Is a bicycle a vehicle?,bicycle,vehicle,No vehicles in the park.,openai,gpt-4-0125-preview,normal,0.0,2,Yes,Yes,1,success,0.7159528732299805,2025-08-26T12:55:34.268034+00:00
7,Is a bicycle a vehicle?,Is a bicycle a vehicle?,bicycle,vehicle,No vehicles in the park.,openai,gpt-4-0125-preview,normal,0.0,3,Yes,Yes,1,success,1.0194311141967773,2025-08-26T12:55:35.390663+00:00
7,Is a bicycle a vehicle?,Is a bicycle a vehicle?,bicycle,vehicle,No vehicles in the park.,openai,gpt-4-0125-preview,normal,0.0,4,Yes,Yes,1,success,0.9234540462493896,2025-08-26T12:55:36.416906+00:00
7,Is a bicycle a vehicle?,Is a bicycle a vehicle?,bicycle,vehicle,No vehicles in the park.,openai,gpt-4-0125-preview,normal,0.0,5,Yes,Yes,1,success,0.6170480251312256,2025-08-26T12:55:37.136736+00:00
7,Is a bicycle a vehicle?,Is a bicycle a vehicle?,bicycle,vehicle,No vehicles in the park.,openai,gpt-4-0125-preview,normal,0.0,6,Yes,Yes,1,success,0.9196460247039795,2025-08-26T12:55:38.159543+00:00
7,Is a bicycle a vehicle?,Is a bicycle a vehicle?,bicycle,vehicle,No vehicles in the park.,openai,gpt-4-0125-preview,normal,0.0,7,Yes,Yes,1,success,0.92153000831604,2025-08-26T12:55:39.183975+00:00
7,Is a bicycle a vehicle?,Is a bicycle a vehicle?,bicycle,vehicle,No vehicles in the park.,openai,gpt-4-0125-preview,normal,0.0,8,Yes,Yes,1,success,0.8184390068054199,2025-08-26T12:55:40.105423+00:00
7,Is a bicycle a vehicle?,Is a bicycle a vehicle?,bicycle,vehicle,No vehicles in the park.,openai,gpt-4-0125-preview,normal,0.0,9,Yes,Yes,1,success,0.9217069149017334,2025-08-26T12:55:41.130035+00:00
7,Is a bicycle a vehicle?,Is a bicycle a vehicle?,bicycle,vehicle,No vehicles in the park.,openai,gpt-4-0125-preview,normal,0.0,10,Yes,Yes,1,success,0.714385986328125,2025-08-26T12:55:41.946160+00:00
7,Is a bicycle a vehicle?,Is a bicycle a vehicle?,bicycle,vehicle,No vehicles in the park.,openai,gpt-4-0125-preview,normal,0.0,11,Yes,Yes,1,success,0.6750979423522949,2025-08-26T12:55:42.724068+00:00
7,Is a bicycle a vehicle?,Is a bicycle a vehicle?,bicycle,vehicle,No vehicles in the park.,openai,gpt-4-0125-preview,normal,0.0,12,Yes,Yes,1,success,1.1697108745574951,2025-08-26T12:55:43.996413+00:00
7,Is a bicycle a vehicle?,Is a bicycle a vehicle?,bicycle,vehicle,No vehicles in the park.,openai,gpt-4-0125-preview,normal,0.0,13,Yes,Yes,1,success,0.8183119297027588,2025-08-26T12:55:44.917592+00:00
7,Is a bicycle a vehicle?,Is a bicycle a vehicle?,bicycle,vehicle,No vehicles in the park.,openai,gpt-4-0125-preview,normal,0.0,14,Yes,Yes,1,success,0.8201489448547363,2025-08-26T12:55:45.840585+00:00
7,Is a bicycle a vehicle?,Is a bicycle a vehicle?,bicycle,vehicle,No vehicles in the park.,openai,gpt-4-0613,normal,0.0,0,Yes,Yes,1,success,1.1253268718719482,2025-08-26T12:55:47.068784+00:00
7,Is a bicycle a vehicle?,Is a bicycle a vehicle?,bicycle,vehicle,No vehicles in the park.,openai,gpt-4-0613,normal,0.0,1,Yes,Yes,1,success,0.7176351547241211,2025-08-26T12:55:47.889311+00:00
7,Is a bicycle a vehicle?,Is a bicycle a vehicle?,bicycle,vehicle,No vehicles in the park.,openai,gpt-4-0613,normal,0.0,2,Yes,Yes,1,success,1.1252951622009277,2025-08-26T12:55:49.117521+00:00
7,Is a bicycle a vehicle?,Is a bicycle a vehicle?,bicycle,vehicle,No vehicles in the park.,openai,gpt-4-0613,normal,0.0,3,Yes,Yes,1,success,0.8172378540039062,2025-08-26T12:55:50.037690+00:00
7,Is a bicycle a vehicle?,Is a bicycle a vehicle?,bicycle,vehicle,No vehicles in the park.,openai,gpt-4-0613,normal,0.0,4,Yes,Yes,1,success,1.2802879810333252,2025-08-26T12:55:51.421259+00:00
7,Is a bicycle a vehicle?,Is a bicycle a vehicle?,bicycle,vehicle,No vehicles in the park.,openai,gpt-4-0613,normal,0.0,5,Yes,Yes,1,success,0.48406410217285156,2025-08-26T12:55:52.008306+00:00
7,Is a bicycle a vehicle?,Is a bicycle a vehicle?,bicycle,vehicle,No vehicles in the park.,openai,gpt-4-0613,normal,0.0,6,Yes,Yes,1,success,0.6935219764709473,2025-08-26T12:55:52.804777+00:00
7,Is a bicycle a vehicle?,Is a bicycle a vehicle?,bicycle,vehicle,No vehicles in the park.,openai,gpt-4-0613,normal,0.0,7,Yes,Yes,1,success,0.9190671443939209,2025-08-26T12:55:53.826966+00:00
7,Is a bicycle a vehicle?,Is a bicycle a vehicle?,bicycle,vehicle,No vehicles in the park.,openai,gpt-4-0613,normal,0.0,8,Yes,Yes,1,success,0.7285110950469971,2025-08-26T12:55:54.657130+00:00
7,Is a bicycle a vehicle?,Is a bicycle a vehicle?,bicycle,vehicle,No vehicles in the park.,openai,gpt-4-0613,normal,0.0,9,Yes,Yes,1,success,0.9094729423522949,2025-08-26T12:55:55.669743+00:00
7,Is a bicycle a vehicle?,Is a bicycle a vehicle?,bicycle,vehicle,No vehicles in the park.,openai,gpt-4-0613,normal,0.0,10,Yes,Yes,1,success,0.9205050468444824,2025-08-26T12:55:56.693402+00:00
7,Is a bicycle a vehicle?,Is a bicycle a vehicle?,bicycle,vehicle,No vehicles in the park.,openai,gpt-4-0613,normal,0.0,11,Yes,Yes,1,success,1.3302421569824219,2025-08-26T12:55:58.126562+00:00
7,Is a bicycle a vehicle?,Is a bicycle a vehicle?,bicycle,vehicle,No vehicles in the park.,openai,gpt-4-0613,normal,0.0,12,Yes,Yes,1,success,0.6152269840240479,2025-08-26T12:55:58.844610+00:00
7,Is a bicycle a vehicle?,Is a bicycle a vehicle?,bicycle,vehicle,No vehicles in the park.,openai,gpt-4-0613,normal,0.0,13,Yes,Yes,1,success,1.1284947395324707,2025-08-26T12:56:00.076210+00:00
7,Is a bicycle a vehicle?,Is a bicycle a vehicle?,bicycle,vehicle,No vehicles in the park.,openai,gpt-4-0613,normal,0.0,14,Yes,Yes,1,success,0.5716698169708252,2025-08-26T12:56:00.750925+00:00
7,Is a bicycle a vehicle?,Is a bicycle a vehicle?,bicycle,vehicle,No vehicles in the park.,openai,gpt-4o-2024-11-20,normal,0.0,0,Yes,Yes,1,success,0.4511737823486328,2025-08-26T12:56:01.305126+00:00
7,Is a bicycle a vehicle?,Is a bicycle a vehicle?,bicycle,vehicle,No vehicles in the park.,openai,gpt-4o-2024-11-20,normal,0.0,1,Yes,Yes,1,success,0.5103919506072998,2025-08-26T12:56:01.918434+00:00
7,Is a bicycle a vehicle?,Is a bicycle a vehicle?,bicycle,vehicle,No vehicles in the park.,openai,gpt-4o-2024-11-20,normal,0.0,2,Yes,Yes,1,success,0.7106132507324219,2025-08-26T12:56:02.732636+00:00
7,Is a bicycle a vehicle?,Is a bicycle a vehicle?,bicycle,vehicle,No vehicles in the park.,openai,gpt-4o-2024-11-20,normal,0.0,3,Yes,Yes,1,success,0.5162920951843262,2025-08-26T12:56:03.351599+00:00
7,Is a bicycle a vehicle?,Is a bicycle a vehicle?,bicycle,vehicle,No vehicles in the park.,openai,gpt-4o-2024-11-20,normal,0.0,4,Yes,Yes,1,success,0.40840888023376465,2025-08-26T12:56:03.862031+00:00
7,Is a bicycle a vehicle?,Is a bicycle a vehicle?,bicycle,vehicle,No vehicles in the park.,openai,gpt-4o-2024-11-20,normal,0.0,5,Yes,Yes,1,success,0.40906405448913574,2025-08-26T12:56:04.373907+00:00
7,Is a bicycle a vehicle?,Is a bicycle a vehicle?,bicycle,vehicle,No vehicles in the park.,openai,gpt-4o-2024-11-20,normal,0.0,6,Yes,Yes,1,success,0.5117838382720947,2025-08-26T12:56:04.988519+00:00
7,Is a bicycle a vehicle?,Is a bicycle a vehicle?,bicycle,vehicle,No vehicles in the park.,openai,gpt-4o-2024-11-20,normal,0.0,7,Yes,Yes,1,success,0.5122528076171875,2025-08-26T12:56:05.603820+00:00
7,Is a bicycle a vehicle?,Is a bicycle a vehicle?,bicycle,vehicle,No vehicles in the park.,openai,gpt-4o-2024-11-20,normal,0.0,8,Yes,Yes,1,success,0.5103418827056885,2025-08-26T12:56:06.217214+00:00
7,Is a bicycle a vehicle?,Is a bicycle a vehicle?,bicycle,vehicle,No vehicles in the park.,openai,gpt-4o-2024-11-20,normal,0.0,9,Yes,Yes,1,success,0.4095611572265625,2025-08-26T12:56:06.729757+00:00
7,Is a bicycle a vehicle?,Is a bicycle a vehicle?,bicycle,vehicle,No vehicles in the park.,openai,gpt-4o-2024-11-20,normal,0.0,10,Yes,Yes,1,success,0.5120930671691895,2025-08-26T12:56:07.344618+00:00
7,Is a bicycle a vehicle?,Is a bicycle a vehicle?,bicycle,vehicle,No vehicles in the park.,openai,gpt-4o-2024-11-20,normal,0.0,11,Yes,Yes,1,success,0.8759980201721191,2025-08-26T12:56:08.323656+00:00
7,Is a bicycle a vehicle?,Is a bicycle a vehicle?,bicycle,vehicle,No vehicles in the park.,openai,gpt-4o-2024-11-20,normal,0.0,12,Yes,Yes,1,success,0.6586589813232422,2025-08-26T12:56:09.085247+00:00
7,Is a bicycle a vehicle?,Is a bicycle a vehicle?,bicycle,vehicle,No vehicles in the park.,openai,gpt-4o-2024-11-20,normal,0.0,13,Yes,Yes,1,success,0.3065018653869629,2025-08-26T12:56:09.494713+00:00
7,Is a bicycle a vehicle?,Is a bicycle a vehicle?,bicycle,vehicle,No vehicles in the park.,openai,gpt-4o-2024-11-20,normal,0.0,14,Yes,Yes,1,success,0.6143348217010498,2025-08-26T12:56:10.212103+00:00
7,Is a bicycle a vehicle?,Is a bicycle a vehicle?,bicycle,vehicle,No vehicles in the park.,openai,gpt-4o-2024-08-06,normal,0.0,0,Yes.,Yes,1,success,0.7148642539978027,2025-08-26T12:56:11.029884+00:00
7,Is a bicycle a vehicle?,Is a bicycle a vehicle?,bicycle,vehicle,No vehicles in the park.,openai,gpt-4o-2024-08-06,normal,0.0,1,Yes.,Yes,1,success,0.4163181781768799,2025-08-26T12:56:11.549182+00:00
7,Is a bicycle a vehicle?,Is a bicycle a vehicle?,bicycle,vehicle,No vehicles in the park.,openai,gpt-4o-2024-08-06,normal,0.0,2,Yes.,Yes,1,success,0.60725998878479,2025-08-26T12:56:12.259294+00:00
7,Is a bicycle a vehicle?,Is a bicycle a vehicle?,bicycle,vehicle,No vehicles in the park.,openai,gpt-4o-2024-08-06,normal,0.0,3,Yes.,Yes,1,success,0.8174300193786621,2025-08-26T12:56:13.179869+00:00
7,Is a bicycle a vehicle?,Is a bicycle a vehicle?,bicycle,vehicle,No vehicles in the park.,openai,gpt-4o-2024-08-06,normal,0.0,4,Yes.,Yes,1,success,0.7163801193237305,2025-08-26T12:56:13.999265+00:00
7,Is a bicycle a vehicle?,Is a bicycle a vehicle?,bicycle,vehicle,No vehicles in the park.,openai,gpt-4o-2024-08-06,normal,0.0,5,Yes,Yes,1,success,0.514868974685669,2025-08-26T12:56:14.617086+00:00
7,Is a bicycle a vehicle?,Is a bicycle a vehicle?,bicycle,vehicle,No vehicles in the park.,openai,gpt-4o-2024-08-06,normal,0.0,6,Yes.,Yes,1,success,0.6100068092346191,2025-08-26T12:56:15.330197+00:00
7,Is a bicycle a vehicle?,Is a bicycle a vehicle?,bicycle,vehicle,No vehicles in the park.,openai,gpt-4o-2024-08-06,normal,0.0,7,Yes.,Yes,1,success,0.4087049961090088,2025-08-26T12:56:15.841067+00:00
7,Is a bicycle a vehicle?,Is a bicycle a vehicle?,bicycle,vehicle,No vehicles in the park.,openai,gpt-4o-2024-08-06,normal,0.0,8,Yes.,Yes,1,success,0.616887092590332,2025-08-26T12:56:16.560854+00:00
7,Is a bicycle a vehicle?,Is a bicycle a vehicle?,bicycle,vehicle,No vehicles in the park.,openai,gpt-4o-2024-08-06,normal,0.0,9,Yes.,Yes,1,success,0.7183108329772949,2025-08-26T12:56:17.382085+00:00
7,Is a bicycle a vehicle?,Is a bicycle a vehicle?,bicycle,vehicle,No vehicles in the park.,openai,gpt-4o-2024-08-06,normal,0.0,10,Yes,Yes,1,success,0.8157598972320557,2025-08-26T12:56:18.300779+00:00
7,Is a bicycle a vehicle?,Is a bicycle a vehicle?,bicycle,vehicle,No vehicles in the park.,openai,gpt-4o-2024-08-06,normal,0.0,11,Yes.,Yes,1,success,0.6137487888336182,2025-08-26T12:56:19.017749+00:00
7,Is a bicycle a vehicle?,Is a bicycle a vehicle?,bicycle,vehicle,No vehicles in the park.,openai,gpt-4o-2024-08-06,normal,0.0,12,Yes.,Yes,1,success,0.7166750431060791,2025-08-26T12:56:19.837389+00:00
7,Is a bicycle a vehicle?,Is a bicycle a vehicle?,bicycle,vehicle,No vehicles in the park.,openai,gpt-4o-2024-08-06,normal,0.0,13,Yes.,Yes,1,success,0.7162859439849854,2025-08-26T12:56:20.656652+00:00
7,Is a bicycle a vehicle?,Is a bicycle a vehicle?,bicycle,vehicle,No vehicles in the park.,openai,gpt-4o-2024-08-06,normal,0.0,14,Yes,Yes,1,success,0.714972972869873,2025-08-26T12:56:21.474597+00:00
7,Is a bicycle a vehicle?,Is a bicycle a vehicle?,bicycle,vehicle,No vehicles in the park.,openai,gpt-4o-2024-05-13,normal,0.0,0,Yes,Yes,1,success,0.5128500461578369,2025-08-26T12:56:22.089128+00:00
7,Is a bicycle a vehicle?,Is a bicycle a vehicle?,bicycle,vehicle,No vehicles in the park.,openai,gpt-4o-2024-05-13,normal,0.0,1,Yes,Yes,1,success,0.8197040557861328,2025-08-26T12:56:23.011759+00:00
7,Is a bicycle a vehicle?,Is a bicycle a vehicle?,bicycle,vehicle,No vehicles in the park.,openai,gpt-4o-2024-05-13,normal,0.0,2,Yes,Yes,1,success,0.37436676025390625,2025-08-26T12:56:23.488665+00:00
7,Is a bicycle a vehicle?,Is a bicycle a vehicle?,bicycle,vehicle,No vehicles in the park.,openai,gpt-4o-2024-05-13,normal,0.0,3,Yes,Yes,1,success,0.6482160091400146,2025-08-26T12:56:24.239884+00:00
7,Is a bicycle a vehicle?,Is a bicycle a vehicle?,bicycle,vehicle,No vehicles in the park.,openai,gpt-4o-2024-05-13,normal,0.0,4,Yes,Yes,1,success,0.648291826248169,2025-08-26T12:56:24.990894+00:00
7,Is a bicycle a vehicle?,Is a bicycle a vehicle?,bicycle,vehicle,No vehicles in the park.,openai,gpt-4o-2024-05-13,normal,0.0,5,Yes,Yes,1,success,0.580374002456665,2025-08-26T12:56:25.674355+00:00
7,Is a bicycle a vehicle?,Is a bicycle a vehicle?,bicycle,vehicle,No vehicles in the park.,openai,gpt-4o-2024-05-13,normal,0.0,6,Yes,Yes,1,success,0.5107259750366211,2025-08-26T12:56:26.288052+00:00
7,Is a bicycle a vehicle?,Is a bicycle a vehicle?,bicycle,vehicle,No vehicles in the park.,openai,gpt-4o-2024-05-13,normal,0.0,7,Yes,Yes,1,success,0.4088618755340576,2025-08-26T12:56:26.799158+00:00
7,Is a bicycle a vehicle?,Is a bicycle a vehicle?,bicycle,vehicle,No vehicles in the park.,openai,gpt-4o-2024-05-13,normal,0.0,8,Yes,Yes,1,success,0.6213359832763672,2025-08-26T12:56:27.522872+00:00
7,Is a bicycle a vehicle?,Is a bicycle a vehicle?,bicycle,vehicle,No vehicles in the park.,openai,gpt-4o-2024-05-13,normal,0.0,9,Yes,Yes,1,success,0.31569671630859375,2025-08-26T12:56:27.941531+00:00
7,Is a bicycle a vehicle?,Is a bicycle a vehicle?,bicycle,vehicle,No vehicles in the park.,openai,gpt-4o-2024-05-13,normal,0.0,10,Yes,Yes,1,success,0.6999082565307617,2025-08-26T12:56:28.744448+00:00
7,Is a bicycle a vehicle?,Is a bicycle a vehicle?,bicycle,vehicle,No vehicles in the park.,openai,gpt-4o-2024-05-13,normal,0.0,11,Yes,Yes,1,success,0.5125298500061035,2025-08-26T12:56:29.359937+00:00
7,Is a bicycle a vehicle?,Is a bicycle a vehicle?,bicycle,vehicle,No vehicles in the park.,openai,gpt-4o-2024-05-13,normal,0.0,12,Yes,Yes,1,success,1.0732738971710205,2025-08-26T12:56:30.536326+00:00
7,Is a bicycle a vehicle?,Is a bicycle a vehicle?,bicycle,vehicle,No vehicles in the park.,openai,gpt-4o-2024-05-13,normal,0.0,13,Yes,Yes,1,success,0.42825913429260254,2025-08-26T12:56:31.067584+00:00
7,Is a bicycle a vehicle?,Is a bicycle a vehicle?,bicycle,vehicle,No vehicles in the park.,openai,gpt-4o-2024-05-13,normal,0.0,14,Yes,Yes,1,success,0.441087007522583,2025-08-26T12:56:31.611544+00:00
7,Is a bicycle a vehicle?,Is a bicycle a vehicle?,bicycle,vehicle,No vehicles in the park.,anthropic,claude-3-5-sonnet-20241022,normal,0.0,0,Yes,Yes,1,success,2.2565579414367676,2025-08-26T12:56:33.970515+00:00
7,Is a bicycle a vehicle?,Is a bicycle a vehicle?,bicycle,vehicle,No vehicles in the park.,anthropic,claude-3-5-sonnet-20241022,normal,0.0,1,Yes,Yes,1,success,1.7734692096710205,2025-08-26T12:56:35.846890+00:00
7,Is a bicycle a vehicle?,Is a bicycle a vehicle?,bicycle,vehicle,No vehicles in the park.,anthropic,claude-3-5-sonnet-20241022,normal,0.0,2,Yes,Yes,1,success,4.677610158920288,2025-08-26T12:56:40.627462+00:00
7,Is a bicycle a vehicle?,Is a bicycle a vehicle?,bicycle,vehicle,No vehicles in the park.,anthropic,claude-3-5-sonnet-20241022,normal,0.0,3,Yes,Yes,1,success,2.6662049293518066,2025-08-26T12:56:43.396467+00:00
7,Is a bicycle a vehicle?,Is a bicycle a vehicle?,bicycle,vehicle,No vehicles in the park.,anthropic,claude-3-5-sonnet-20241022,normal,0.0,4,Yes,Yes,1,success,2.7544000148773193,2025-08-26T12:56:46.253582+00:00
7,Is a bicycle a vehicle?,Is a bicycle a vehicle?,bicycle,vehicle,No vehicles in the park.,anthropic,claude-3-5-sonnet-20241022,normal,0.0,5,Yes,Yes,1,success,2.4598453044891357,2025-08-26T12:56:48.816366+00:00
7,Is a bicycle a vehicle?,Is a bicycle a vehicle?,bicycle,vehicle,No vehicles in the park.,anthropic,claude-3-5-sonnet-20241022,normal,0.0,6,Yes,Yes,1,success,3.3806278705596924,2025-08-26T12:56:52.299960+00:00
7,Is a bicycle a vehicle?,Is a bicycle a vehicle?,bicycle,vehicle,No vehicles in the park.,anthropic,claude-3-5-sonnet-20241022,normal,0.0,7,Yes,Yes,1,success,2.351930856704712,2025-08-26T12:56:54.754617+00:00
7,Is a bicycle a vehicle?,Is a bicycle a vehicle?,bicycle,vehicle,No vehicles in the park.,anthropic,claude-3-5-sonnet-20241022,normal,0.0,8,Yes,Yes,1,success,1.9570062160491943,2025-08-26T12:56:56.812994+00:00
7,Is a bicycle a vehicle?,Is a bicycle a vehicle?,bicycle,vehicle,No vehicles in the park.,anthropic,claude-3-5-sonnet-20241022,normal,0.0,9,Yes,Yes,1,success,3.5800797939300537,2025-08-26T12:57:00.495929+00:00
7,Is a bicycle a vehicle?,Is a bicycle a vehicle?,bicycle,vehicle,No vehicles in the park.,anthropic,claude-3-5-sonnet-20241022,normal,0.0,10,Yes,Yes,1,success,2.459171772003174,2025-08-26T12:57:03.057850+00:00
7,Is a bicycle a vehicle?,Is a bicycle a vehicle?,bicycle,vehicle,No vehicles in the park.,anthropic,claude-3-5-sonnet-20241022,normal,0.0,11,Yes,Yes,1,success,2.141185760498047,2025-08-26T12:57:05.301848+00:00
7,Is a bicycle a vehicle?,Is a bicycle a vehicle?,bicycle,vehicle,No vehicles in the park.,anthropic,claude-3-5-sonnet-20241022,normal,0.0,12,Yes,Yes,1,success,2.3536529541015625,2025-08-26T12:57:07.758242+00:00
7,Is a bicycle a vehicle?,Is a bicycle a vehicle?,bicycle,vehicle,No vehicles in the park.,anthropic,claude-3-5-sonnet-20241022,normal,0.0,13,Yes,Yes,1,success,3.279183864593506,2025-08-26T12:57:11.138855+00:00
7,Is a bicycle a vehicle?,Is a bicycle a vehicle?,bicycle,vehicle,No vehicles in the park.,anthropic,claude-3-5-sonnet-20241022,normal,0.0,14,Yes,Yes,1,success,2.873816967010498,2025-08-26T12:57:14.114219+00:00
7,Is a bicycle a vehicle?,Is a bicycle a vehicle?,bicycle,vehicle,No vehicles in the park.,anthropic,claude-3-5-sonnet-20240620,normal,0.0,0,Yes,Yes,1,success,0.711510181427002,2025-08-26T12:57:14.928547+00:00
7,Is a bicycle a vehicle?,Is a bicycle a vehicle?,bicycle,vehicle,No vehicles in the park.,anthropic,claude-3-5-sonnet-20240620,normal,0.0,1,Yes,Yes,1,success,0.5136311054229736,2025-08-26T12:57:15.545020+00:00
7,Is a bicycle a vehicle?,Is a bicycle a vehicle?,bicycle,vehicle,No vehicles in the park.,anthropic,claude-3-5-sonnet-20240620,normal,0.0,2,Yes,Yes,1,success,0.45444297790527344,2025-08-26T12:57:16.102314+00:00
7,Is a bicycle a vehicle?,Is a bicycle a vehicle?,bicycle,vehicle,No vehicles in the park.,anthropic,claude-3-5-sonnet-20240620,normal,0.0,3,Yes,Yes,1,success,0.6687021255493164,2025-08-26T12:57:16.874041+00:00
7,Is a bicycle a vehicle?,Is a bicycle a vehicle?,bicycle,vehicle,No vehicles in the park.,anthropic,claude-3-5-sonnet-20240620,normal,0.0,4,Yes,Yes,1,success,0.7148432731628418,2025-08-26T12:57:17.691881+00:00
7,Is a bicycle a vehicle?,Is a bicycle a vehicle?,bicycle,vehicle,No vehicles in the park.,anthropic,claude-3-5-sonnet-20240620,normal,0.0,5,Yes,Yes,1,success,0.5119748115539551,2025-08-26T12:57:18.306763+00:00
7,Is a bicycle a vehicle?,Is a bicycle a vehicle?,bicycle,vehicle,No vehicles in the park.,anthropic,claude-3-5-sonnet-20240620,normal,0.0,6,Yes,Yes,1,success,1.1293470859527588,2025-08-26T12:57:19.537255+00:00
7,Is a bicycle a vehicle?,Is a bicycle a vehicle?,bicycle,vehicle,No vehicles in the park.,anthropic,claude-3-5-sonnet-20240620,normal,0.0,7,Yes,Yes,1,success,1.4365861415863037,2025-08-26T12:57:21.076862+00:00
7,Is a bicycle a vehicle?,Is a bicycle a vehicle?,bicycle,vehicle,No vehicles in the park.,anthropic,claude-3-5-sonnet-20240620,normal,0.0,8,Yes,Yes,1,success,0.71433424949646,2025-08-26T12:57:21.893926+00:00
7,Is a bicycle a vehicle?,Is a bicycle a vehicle?,bicycle,vehicle,No vehicles in the park.,anthropic,claude-3-5-sonnet-20240620,normal,0.0,9,Yes,Yes,1,success,1.0205078125,2025-08-26T12:57:23.017109+00:00
7,Is a bicycle a vehicle?,Is a bicycle a vehicle?,bicycle,vehicle,No vehicles in the park.,anthropic,claude-3-5-sonnet-20240620,normal,0.0,10,Yes,Yes,1,success,0.6147792339324951,2025-08-26T12:57:23.734805+00:00
7,Is a bicycle a vehicle?,Is a bicycle a vehicle?,bicycle,vehicle,No vehicles in the park.,anthropic,claude-3-5-sonnet-20240620,normal,0.0,11,Yes,Yes,1,success,0.826350212097168,2025-08-26T12:57:24.663431+00:00
7,Is a bicycle a vehicle?,Is a bicycle a vehicle?,bicycle,vehicle,No vehicles in the park.,anthropic,claude-3-5-sonnet-20240620,normal,0.0,12,Yes,Yes,1,success,0.917302131652832,2025-08-26T12:57:25.683502+00:00
7,Is a bicycle a vehicle?,Is a bicycle a vehicle?,bicycle,vehicle,No vehicles in the park.,anthropic,claude-3-5-sonnet-20240620,normal,0.0,13,Yes,Yes,1,success,0.7099888324737549,2025-08-26T12:57:26.496229+00:00
7,Is a bicycle a vehicle?,Is a bicycle a vehicle?,bicycle,vehicle,No vehicles in the park.,anthropic,claude-3-5-sonnet-20240620,normal,0.0,14,Yes,Yes,1,success,0.6177291870117188,2025-08-26T12:57:27.216779+00:00
7,Is a bicycle a vehicle?,Is a bicycle a vehicle?,bicycle,vehicle,No vehicles in the park.,anthropic,claude-3-5-sonnet-latest,normal,0.0,0,Yes,Yes,1,success,2.2538902759552,2025-08-26T12:57:29.573239+00:00
7,Is a bicycle a vehicle?,Is a bicycle a vehicle?,bicycle,vehicle,No vehicles in the park.,anthropic,claude-3-5-sonnet-latest,normal,0.0,1,Yes,Yes,1,success,2.1456620693206787,2025-08-26T12:57:31.821826+00:00
7,Is a bicycle a vehicle?,Is a bicycle a vehicle?,bicycle,vehicle,No vehicles in the park.,anthropic,claude-3-5-sonnet-latest,normal,0.0,2,Yes,Yes,1,success,2.5652568340301514,2025-08-26T12:57:34.490034+00:00
7,Is a bicycle a vehicle?,Is a bicycle a vehicle?,bicycle,vehicle,No vehicles in the park.,anthropic,claude-3-5-sonnet-latest,normal,0.0,3,Yes,Yes,1,success,2.325157880783081,2025-08-26T12:57:36.918205+00:00
7,Is a bicycle a vehicle?,Is a bicycle a vehicle?,bicycle,vehicle,No vehicles in the park.,anthropic,claude-3-5-sonnet-latest,normal,0.0,4,Yes,Yes,1,success,3.2057509422302246,2025-08-26T12:57:40.227140+00:00
7,Is a bicycle a vehicle?,Is a bicycle a vehicle?,bicycle,vehicle,No vehicles in the park.,anthropic,claude-3-5-sonnet-latest,normal,0.0,5,Yes,Yes,1,success,3.088632106781006,2025-08-26T12:57:43.418611+00:00
7,Is a bicycle a vehicle?,Is a bicycle a vehicle?,bicycle,vehicle,No vehicles in the park.,anthropic,claude-3-5-sonnet-latest,normal,0.0,6,Yes,Yes,1,success,2.8484342098236084,2025-08-26T12:57:46.369758+00:00
7,Is a bicycle a vehicle?,Is a bicycle a vehicle?,bicycle,vehicle,No vehicles in the park.,anthropic,claude-3-5-sonnet-latest,normal,0.0,7,Yes,Yes,1,success,2.4533498287200928,2025-08-26T12:57:48.925951+00:00
7,Is a bicycle a vehicle?,Is a bicycle a vehicle?,bicycle,vehicle,No vehicles in the park.,anthropic,claude-3-5-sonnet-latest,normal,0.0,8,Yes,Yes,1,success,1.8432118892669678,2025-08-26T12:57:50.872106+00:00
7,Is a bicycle a vehicle?,Is a bicycle a vehicle?,bicycle,vehicle,No vehicles in the park.,anthropic,claude-3-5-sonnet-latest,normal,0.0,9,Yes,Yes,1,success,2.044804096221924,2025-08-26T12:57:53.019967+00:00
7,Is a bicycle a vehicle?,Is a bicycle a vehicle?,bicycle,vehicle,No vehicles in the park.,anthropic,claude-3-5-sonnet-latest,normal,0.0,10,Yes,Yes,1,success,2.362881898880005,2025-08-26T12:57:55.485821+00:00
7,Is a bicycle a vehicle?,Is a bicycle a vehicle?,bicycle,vehicle,No vehicles in the park.,anthropic,claude-3-5-sonnet-latest,normal,0.0,11,Yes,Yes,1,success,2.450329065322876,2025-08-26T12:57:58.038882+00:00
7,Is a bicycle a vehicle?,Is a bicycle a vehicle?,bicycle,vehicle,No vehicles in the park.,anthropic,claude-3-5-sonnet-latest,normal,0.0,12,Yes,Yes,1,success,2.56872820854187,2025-08-26T12:58:00.709623+00:00
7,Is a bicycle a vehicle?,Is a bicycle a vehicle?,bicycle,vehicle,No vehicles in the park.,anthropic,claude-3-5-sonnet-latest,normal,0.0,13,Yes,Yes,1,success,2.1479599475860596,2025-08-26T12:58:02.960268+00:00
7,Is a bicycle a vehicle?,Is a bicycle a vehicle?,bicycle,vehicle,No vehicles in the park.,anthropic,claude-3-5-sonnet-latest,normal,0.0,14,Yes,Yes,1,success,3.2716171741485596,2025-08-26T12:58:06.334630+00:00
7,Is a bicycle a vehicle?,Is a bicycle a vehicle?,bicycle,vehicle,No vehicles in the park.,anthropic,claude-3-5-haiku-20241022,normal,0.0,0,Yes,Yes,1,success,0.7222888469696045,2025-08-26T12:58:07.158234+00:00
7,Is a bicycle a vehicle?,Is a bicycle a vehicle?,bicycle,vehicle,No vehicles in the park.,anthropic,claude-3-5-haiku-20241022,normal,0.0,1,Yes,Yes,1,success,0.4779503345489502,2025-08-26T12:58:07.739041+00:00
7,Is a bicycle a vehicle?,Is a bicycle a vehicle?,bicycle,vehicle,No vehicles in the park.,anthropic,claude-3-5-haiku-20241022,normal,0.0,2,Yes,Yes,1,success,0.6438100337982178,2025-08-26T12:58:08.485481+00:00
7,Is a bicycle a vehicle?,Is a bicycle a vehicle?,bicycle,vehicle,No vehicles in the park.,anthropic,claude-3-5-haiku-20241022,normal,0.0,3,Yes,Yes,1,success,0.6129188537597656,2025-08-26T12:58:09.201332+00:00
7,Is a bicycle a vehicle?,Is a bicycle a vehicle?,bicycle,vehicle,No vehicles in the park.,anthropic,claude-3-5-haiku-20241022,normal,0.0,4,Yes,Yes,1,success,0.622683048248291,2025-08-26T12:58:09.925315+00:00
7,Is a bicycle a vehicle?,Is a bicycle a vehicle?,bicycle,vehicle,No vehicles in the park.,anthropic,claude-3-5-haiku-20241022,normal,0.0,5,Yes,Yes,1,success,0.47104692459106445,2025-08-26T12:58:10.499027+00:00
7,Is a bicycle a vehicle?,Is a bicycle a vehicle?,bicycle,vehicle,No vehicles in the park.,anthropic,claude-3-5-haiku-20241022,normal,0.0,6,Yes,Yes,1,success,0.5435957908630371,2025-08-26T12:58:11.145348+00:00
7,Is a bicycle a vehicle?,Is a bicycle a vehicle?,bicycle,vehicle,No vehicles in the park.,anthropic,claude-3-5-haiku-20241022,normal,0.0,7,Yes,Yes,1,success,0.5108401775360107,2025-08-26T12:58:11.759152+00:00
7,Is a bicycle a vehicle?,Is a bicycle a vehicle?,bicycle,vehicle,No vehicles in the park.,anthropic,claude-3-5-haiku-20241022,normal,0.0,8,Yes,Yes,1,success,0.5156769752502441,2025-08-26T12:58:12.377791+00:00
7,Is a bicycle a vehicle?,Is a bicycle a vehicle?,bicycle,vehicle,No vehicles in the park.,anthropic,claude-3-5-haiku-20241022,normal,0.0,9,Yes,Yes,1,success,0.5077629089355469,2025-08-26T12:58:12.988457+00:00
7,Is a bicycle a vehicle?,Is a bicycle a vehicle?,bicycle,vehicle,No vehicles in the park.,anthropic,claude-3-5-haiku-20241022,normal,0.0,10,Yes,Yes,1,success,0.5121610164642334,2025-08-26T12:58:13.603591+00:00
7,Is a bicycle a vehicle?,Is a bicycle a vehicle?,bicycle,vehicle,No vehicles in the park.,anthropic,claude-3-5-haiku-20241022,normal,0.0,11,Yes,Yes,1,success,0.5164031982421875,2025-08-26T12:58:14.222997+00:00
7,Is a bicycle a vehicle?,Is a bicycle a vehicle?,bicycle,vehicle,No vehicles in the park.,anthropic,claude-3-5-haiku-20241022,normal,0.0,12,Yes,Yes,1,success,0.6094100475311279,2025-08-26T12:58:14.935159+00:00
7,Is a bicycle a vehicle?,Is a bicycle a vehicle?,bicycle,vehicle,No vehicles in the park.,anthropic,claude-3-5-haiku-20241022,normal,0.0,13,Yes,Yes,1,success,0.4633598327636719,2025-08-26T12:58:15.500614+00:00
7,Is a bicycle a vehicle?,Is a bicycle a vehicle?,bicycle,vehicle,No vehicles in the park.,anthropic,claude-3-5-haiku-20241022,normal,0.0,14,Yes,Yes,1,success,0.507328987121582,2025-08-26T12:58:16.109605+00:00
7,Is a bicycle a vehicle?,Is a bicycle a vehicle?,bicycle,vehicle,No vehicles in the park.,anthropic,claude-3-5-haiku-latest,normal,0.0,0,Yes,Yes,1,success,0.5684359073638916,2025-08-26T12:58:16.780968+00:00
7,Is a bicycle a vehicle?,Is a bicycle a vehicle?,bicycle,vehicle,No vehicles in the park.,anthropic,claude-3-5-haiku-latest,normal,0.0,1,Yes,Yes,1,success,0.5091447830200195,2025-08-26T12:58:17.391232+00:00
7,Is a bicycle a vehicle?,Is a bicycle a vehicle?,bicycle,vehicle,No vehicles in the park.,anthropic,claude-3-5-haiku-latest,normal,0.0,2,Yes,Yes,1,success,0.6220128536224365,2025-08-26T12:58:18.116174+00:00
7,Is a bicycle a vehicle?,Is a bicycle a vehicle?,bicycle,vehicle,No vehicles in the park.,anthropic,claude-3-5-haiku-latest,normal,0.0,3,Yes,Yes,1,success,0.5061349868774414,2025-08-26T12:58:18.725025+00:00
7,Is a bicycle a vehicle?,Is a bicycle a vehicle?,bicycle,vehicle,No vehicles in the park.,anthropic,claude-3-5-haiku-latest,normal,0.0,4,Yes,Yes,1,success,0.5112898349761963,2025-08-26T12:58:19.339160+00:00
7,Is a bicycle a vehicle?,Is a bicycle a vehicle?,bicycle,vehicle,No vehicles in the park.,anthropic,claude-3-5-haiku-latest,normal,0.0,5,Yes,Yes,1,success,0.5108339786529541,2025-08-26T12:58:19.953009+00:00
7,Is a bicycle a vehicle?,Is a bicycle a vehicle?,bicycle,vehicle,No vehicles in the park.,anthropic,claude-3-5-haiku-latest,normal,0.0,6,Yes,Yes,1,success,0.5123467445373535,2025-08-26T12:58:20.568363+00:00
7,Is a bicycle a vehicle?,Is a bicycle a vehicle?,bicycle,vehicle,No vehicles in the park.,anthropic,claude-3-5-haiku-latest,normal,0.0,7,Yes,Yes,1,success,0.6133975982666016,2025-08-26T12:58:21.284640+00:00
7,Is a bicycle a vehicle?,Is a bicycle a vehicle?,bicycle,vehicle,No vehicles in the park.,anthropic,claude-3-5-haiku-latest,normal,0.0,8,Yes,Yes,1,success,0.5092988014221191,2025-08-26T12:58:21.896980+00:00
7,Is a bicycle a vehicle?,Is a bicycle a vehicle?,bicycle,vehicle,No vehicles in the park.,anthropic,claude-3-5-haiku-latest,normal,0.0,9,Yes,Yes,1,success,0.5142960548400879,2025-08-26T12:58:22.514215+00:00
7,Is a bicycle a vehicle?,Is a bicycle a vehicle?,bicycle,vehicle,No vehicles in the park.,anthropic,claude-3-5-haiku-latest,normal,0.0,10,Yes,Yes,1,success,0.5162191390991211,2025-08-26T12:58:23.133370+00:00
7,Is a bicycle a vehicle?,Is a bicycle a vehicle?,bicycle,vehicle,No vehicles in the park.,anthropic,claude-3-5-haiku-latest,normal,0.0,11,Yes,Yes,1,success,0.4666628837585449,2025-08-26T12:58:23.702705+00:00
7,Is a bicycle a vehicle?,Is a bicycle a vehicle?,bicycle,vehicle,No vehicles in the park.,anthropic,claude-3-5-haiku-latest,normal,0.0,12,Yes,Yes,1,success,0.5501320362091064,2025-08-26T12:58:24.354783+00:00
7,Is a bicycle a vehicle?,Is a bicycle a vehicle?,bicycle,vehicle,No vehicles in the park.,anthropic,claude-3-5-haiku-latest,normal,0.0,13,Yes,Yes,1,success,0.6136369705200195,2025-08-26T12:58:25.071371+00:00
7,Is a bicycle a vehicle?,Is a bicycle a vehicle?,bicycle,vehicle,No vehicles in the park.,anthropic,claude-3-5-haiku-latest,normal,0.0,14,Yes,Yes,1,success,0.513267993927002,2025-08-26T12:58:25.687545+00:00
7,Is a bicycle a vehicle?,Is a bicycle a vehicle?,bicycle,vehicle,No vehicles in the park.,anthropic,claude-3-7-sonnet-20250219,normal,0.0,0,Yes,Yes,1,success,0.7318389415740967,2025-08-26T12:58:26.520348+00:00
7,Is a bicycle a vehicle?,Is a bicycle a vehicle?,bicycle,vehicle,No vehicles in the park.,anthropic,claude-3-7-sonnet-20250219,normal,0.0,1,Yes,Yes,1,success,0.825232982635498,2025-08-26T12:58:27.448990+00:00
7,Is a bicycle a vehicle?,Is a bicycle a vehicle?,bicycle,vehicle,No vehicles in the park.,anthropic,claude-3-7-sonnet-20250219,normal,0.0,2,Yes,Yes,1,success,1.2077670097351074,2025-08-26T12:58:28.760168+00:00
7,Is a bicycle a vehicle?,Is a bicycle a vehicle?,bicycle,vehicle,No vehicles in the park.,anthropic,claude-3-7-sonnet-20250219,normal,0.0,3,Yes,Yes,1,success,1.0020396709442139,2025-08-26T12:58:29.865353+00:00
7,Is a bicycle a vehicle?,Is a bicycle a vehicle?,bicycle,vehicle,No vehicles in the park.,anthropic,claude-3-7-sonnet-20250219,normal,0.0,4,Yes,Yes,1,success,0.8385248184204102,2025-08-26T12:58:30.806818+00:00
7,Is a bicycle a vehicle?,Is a bicycle a vehicle?,bicycle,vehicle,No vehicles in the park.,anthropic,claude-3-7-sonnet-20250219,normal,0.0,5,Yes,Yes,1,success,1.640373945236206,2025-08-26T12:58:32.549058+00:00
7,Is a bicycle a vehicle?,Is a bicycle a vehicle?,bicycle,vehicle,No vehicles in the park.,anthropic,claude-3-7-sonnet-20250219,normal,0.0,6,Yes,Yes,1,success,0.8189458847045898,2025-08-26T12:58:33.470971+00:00
7,Is a bicycle a vehicle?,Is a bicycle a vehicle?,bicycle,vehicle,No vehicles in the park.,anthropic,claude-3-7-sonnet-20250219,normal,0.0,7,Yes,Yes,1,success,1.1293833255767822,2025-08-26T12:58:34.703231+00:00
7,Is a bicycle a vehicle?,Is a bicycle a vehicle?,bicycle,vehicle,No vehicles in the park.,anthropic,claude-3-7-sonnet-20250219,normal,0.0,8,Yes,Yes,1,success,0.8225889205932617,2025-08-26T12:58:35.628838+00:00
7,Is a bicycle a vehicle?,Is a bicycle a vehicle?,bicycle,vehicle,No vehicles in the park.,anthropic,claude-3-7-sonnet-20250219,normal,0.0,9,Yes,Yes,1,success,0.8121228218078613,2025-08-26T12:58:36.542147+00:00
7,Is a bicycle a vehicle?,Is a bicycle a vehicle?,bicycle,vehicle,No vehicles in the park.,anthropic,claude-3-7-sonnet-20250219,normal,0.0,10,Yes,Yes,1,success,3.4727978706359863,2025-08-26T12:58:40.118234+00:00
7,Is a bicycle a vehicle?,Is a bicycle a vehicle?,bicycle,vehicle,No vehicles in the park.,anthropic,claude-3-7-sonnet-20250219,normal,0.0,11,Yes,Yes,1,success,0.7245090007781982,2025-08-26T12:58:40.945666+00:00
7,Is a bicycle a vehicle?,Is a bicycle a vehicle?,bicycle,vehicle,No vehicles in the park.,anthropic,claude-3-7-sonnet-20250219,normal,0.0,12,Yes,Yes,1,success,1.330583095550537,2025-08-26T12:58:42.379288+00:00
7,Is a bicycle a vehicle?,Is a bicycle a vehicle?,bicycle,vehicle,No vehicles in the park.,anthropic,claude-3-7-sonnet-20250219,normal,0.0,13,Yes,Yes,1,success,1.0677108764648438,2025-08-26T12:58:43.550031+00:00
7,Is a bicycle a vehicle?,Is a bicycle a vehicle?,bicycle,vehicle,No vehicles in the park.,anthropic,claude-3-7-sonnet-20250219,normal,0.0,14,Yes,Yes,1,success,0.8763411045074463,2025-08-26T12:58:44.529294+00:00
7,Is a bicycle a vehicle?,Is a bicycle a vehicle?,bicycle,vehicle,No vehicles in the park.,anthropic,claude-3-7-sonnet-latest,normal,0.0,0,Yes,Yes,1,success,0.93758225440979,2025-08-26T12:58:45.569053+00:00
7,Is a bicycle a vehicle?,Is a bicycle a vehicle?,bicycle,vehicle,No vehicles in the park.,anthropic,claude-3-7-sonnet-latest,normal,0.0,1,Yes,Yes,1,success,1.0117907524108887,2025-08-26T12:58:46.682457+00:00
7,Is a bicycle a vehicle?,Is a bicycle a vehicle?,bicycle,vehicle,No vehicles in the park.,anthropic,claude-3-7-sonnet-latest,normal,0.0,2,Yes,Yes,1,success,1.3274400234222412,2025-08-26T12:58:48.112917+00:00
7,Is a bicycle a vehicle?,Is a bicycle a vehicle?,bicycle,vehicle,No vehicles in the park.,anthropic,claude-3-7-sonnet-latest,normal,0.0,3,Yes,Yes,1,success,0.9213919639587402,2025-08-26T12:58:49.137377+00:00
7,Is a bicycle a vehicle?,Is a bicycle a vehicle?,bicycle,vehicle,No vehicles in the park.,anthropic,claude-3-7-sonnet-latest,normal,0.0,4,Yes,Yes,1,success,1.6383848190307617,2025-08-26T12:58:50.878689+00:00
7,Is a bicycle a vehicle?,Is a bicycle a vehicle?,bicycle,vehicle,No vehicles in the park.,anthropic,claude-3-7-sonnet-latest,normal,0.0,5,Yes,Yes,1,success,1.1261398792266846,2025-08-26T12:58:52.107846+00:00
7,Is a bicycle a vehicle?,Is a bicycle a vehicle?,bicycle,vehicle,No vehicles in the park.,anthropic,claude-3-7-sonnet-latest,normal,0.0,6,Yes,Yes,1,success,1.8447418212890625,2025-08-26T12:58:54.055560+00:00
7,Is a bicycle a vehicle?,Is a bicycle a vehicle?,bicycle,vehicle,No vehicles in the park.,anthropic,claude-3-7-sonnet-latest,normal,0.0,7,Yes,Yes,1,success,1.2284979820251465,2025-08-26T12:58:55.386969+00:00
7,Is a bicycle a vehicle?,Is a bicycle a vehicle?,bicycle,vehicle,No vehicles in the park.,anthropic,claude-3-7-sonnet-latest,normal,0.0,8,Yes,Yes,1,success,0.9185440540313721,2025-08-26T12:58:56.408465+00:00
7,Is a bicycle a vehicle?,Is a bicycle a vehicle?,bicycle,vehicle,No vehicles in the park.,anthropic,claude-3-7-sonnet-latest,normal,0.0,9,Yes,Yes,1,success,1.638451099395752,2025-08-26T12:58:58.149992+00:00
7,Is a bicycle a vehicle?,Is a bicycle a vehicle?,bicycle,vehicle,No vehicles in the park.,anthropic,claude-3-7-sonnet-latest,normal,0.0,10,Yes,Yes,1,success,1.024718999862671,2025-08-26T12:58:59.277635+00:00
7,Is a bicycle a vehicle?,Is a bicycle a vehicle?,bicycle,vehicle,No vehicles in the park.,anthropic,claude-3-7-sonnet-latest,normal,0.0,11,Yes,Yes,1,success,0.768308162689209,2025-08-26T12:59:00.148884+00:00
7,Is a bicycle a vehicle?,Is a bicycle a vehicle?,bicycle,vehicle,No vehicles in the park.,anthropic,claude-3-7-sonnet-latest,normal,0.0,12,Yes,Yes,1,success,1.88962984085083,2025-08-26T12:59:02.141449+00:00
7,Is a bicycle a vehicle?,Is a bicycle a vehicle?,bicycle,vehicle,No vehicles in the park.,anthropic,claude-3-7-sonnet-latest,normal,0.0,13,Yes,Yes,1,success,0.8169069290161133,2025-08-26T12:59:03.061114+00:00
7,Is a bicycle a vehicle?,Is a bicycle a vehicle?,bicycle,vehicle,No vehicles in the park.,anthropic,claude-3-7-sonnet-latest,normal,0.0,14,Yes,Yes,1,success,0.9248089790344238,2025-08-26T12:59:04.087491+00:00
